"","X","carat","cut","color","clarity","depth","table","price","x","y","z"
"11340",11340,1.01,"Good","F","SI1",63.8,59,4989,6.32,6.29,4.02
"24740",24740,2.17,"Premium","F","SI2",59.3,61,13084,8.6,8.53,5.08
"20063",20063,0.31,"Premium","F","VS2",60.8,60,625,4.34,4.37,2.65
"6702",6702,0.25,"Very Good","E","VS2",59.7,61,409,4.08,4.1,2.44
"50756",50756,0.7,"Ideal","H","SI2",61.8,57,2298,5.67,5.72,3.52
"10539",10539,1.01,"Premium","G","SI1",61,58,4808,6.53,6.49,3.97
"35854",35854,0.32,"Ideal","E","VVS1",61.7,55,917,4.39,4.43,2.72
"17090",17090,1.2,"Ideal","H","VS1",62.5,57,6814,6.81,6.73,4.23
"41117",41117,0.44,"Premium","F","VVS2",61.6,58,1196,4.85,4.89,3
"26224",26224,2.18,"Ideal","I","SI1",61.2,56,15646,8.39,8.51,5.17
"13682",13682,1.01,"Premium","E","SI1",62.6,58,5599,6.32,6.3,3.95
"30364",30364,0.36,"Premium","I","VS1",60.9,61,729,4.61,4.58,2.8
"10185",10185,1,"Good","G","SI1",63.9,60,4737,6.22,6.27,3.99
"35587",35587,0.42,"Ideal","G","VS2",62.2,54.1,907,4.8,4.83,3
"16758",16758,1.01,"Ideal","G","VS1",62.4,56,6672,6.39,6.44,4
"5702",5702,0.3,"Premium","D","SI2",62.9,58,574,4.29,4.26,2.69
"22459",22459,2,"Fair","I","SI2",65.2,59,10483,7.74,7.69,5.03
"21658",21658,1.22,"Premium","D","VS2",62,60,9756,6.79,6.74,4.22
"46003",46003,0.57,"Ideal","G","VS2",61,55,1725,5.38,5.4,3.29
"48664",48664,0.55,"Ideal","E","VS1",62,56,2001,5.24,5.27,3.26
"25013",25013,1.55,"Ideal","H","IF",61.4,57,13544,7.47,7.42,4.57
"6466",6466,0.94,"Fair","F","SI1",56.8,67,4053,6.56,6.44,3.69
"40553",40553,0.41,"Ideal","F","IF",62.2,54,1151,4.76,4.79,2.97
"43103",43103,0.5,"Ideal","H","VS1",61.6,58,1384,5.08,5.11,3.14
"35200",35200,0.41,"Good","F","VS1",58,61,891,4.86,4.9,2.83
"29609",29609,0.35,"Premium","F","VS2",61.8,58,706,4.48,4.52,2.78
"9205",9205,1.05,"Good","I","VS2",64.3,55,4550,6.46,6.42,4.14
"28445",28445,0.31,"Ideal","G","VVS2",61.5,57,671,4.32,4.36,2.67
"42909",42909,0.51,"Very Good","E","SI1",60.8,57,1363,5.12,5.17,3.13
"35275",35275,0.32,"Ideal","F","VVS1",61.9,56,895,4.41,4.44,2.74
"47114",47114,0.65,"Very Good","I","VVS2",61.3,59.3,1828,5.52,5.59,3.4
"36536",36536,0.4,"Ideal","I","VS1",63,56,945,4.72,4.68,2.96
"38230",38230,0.4,"Ideal","H","VVS1",62.2,55,1017,4.7,4.75,2.94
"17985",17985,1.07,"Ideal","G","VS2",61.9,55,7275,6.55,6.57,4.06
"33396",33396,0.31,"Ideal","F","VVS1",62,55,828,4.34,4.37,2.7
"9062",9062,1,"Fair","E","SI2",65.2,59,4516,6.28,6.27,4.09
"22942",22942,1.04,"Ideal","F","IF",61.8,55,10984,6.56,6.49,4.03
"5394",5394,0.3,"Premium","D","SI2",62.3,58,574,4.32,4.29,2.68
"15699",15699,0.29,"Ideal","H","IF",62.2,55,607,4.25,4.28,2.65
"10478",10478,0.93,"Premium","G","VS1",62.1,59,4793,6.21,6.16,3.84
"4268",4268,0.8,"Ideal","H","VS1",62.2,56,3581,5.92,5.95,3.69
"26619",26619,2.07,"Very Good","I","VS2",60.6,58,16378,8.24,8.29,5.01
"23359",23359,0.3,"Ideal","G","SI1",62.2,55,422,4.27,4.32,2.67
"29838",29838,0.3,"Premium","D","VS2",62.2,60,710,4.28,4.3,2.67
"52085",52085,0.77,"Premium","H","SI1",60.9,60,2457,5.89,5.87,3.58
"28922",28922,0.3,"Good","G","VVS2",63.5,54,684,4.25,4.26,2.7
"20747",20747,1.24,"Ideal","F","VS2",61.7,53,8983,6.93,6.9,4.27
"37635",37635,0.4,"Premium","D","SI1",61.4,56,990,4.83,4.72,2.93
"42481",42481,0.43,"Ideal","G","IF",61.3,56,1318,4.86,4.9,2.99
"35549",35549,0.35,"Ideal","H","VVS2",63,55,906,4.5,4.48,2.83
"42135",42135,0.5,"Premium","D","SI2",62.1,57,1279,5.12,5.09,3.17
"1726",1726,0.32,"Premium","G","VS2",61.9,58,561,4.36,4.43,2.72
"49638",49638,0.32,"Premium","G","SI2",62.3,58,540,4.42,4.37,2.74
"40581",40581,0.5,"Ideal","G","SI1",62.1,57,1153,5.05,5.09,3.15
"7792",7792,0.71,"Good","D","VS2",63.6,54,4289,5.7,5.75,3.64
"5059",5059,0.31,"Ideal","G","VS2",61.4,56,574,4.34,4.37,2.67
"32694",32694,0.31,"Very Good","G","VS1",63.2,56,802,4.29,4.28,2.71
"1020",1020,0.71,"Fair","E","VS2",64.6,59,2902,5.62,5.59,3.62
"6708",6708,0.23,"Premium","D","VS2",58.5,61,411,4.06,3.98,2.35
"43508",43508,0.43,"Ideal","F","VVS1",62,57,1422,4.84,4.81,2.99
"22671",22671,2.38,"Premium","J","SI2",60.6,59,10716,8.66,8.63,5.24
"26000",26000,4.01,"Premium","J","I1",62.5,62,15223,10.02,9.94,6.24
"14438",14438,1,"Good","F","VS1",64.8,59,5829,6.17,6.23,4.02
"42602",42602,0.32,"Ideal","I","VS1",60.9,56,505,4.44,4.46,2.71
"15957",15957,1,"Very Good","G","VS2",62.8,62,6386,6.28,6.33,3.96
"40433",40433,0.5,"Good","E","SI1",65.5,56,1136,4.9,4.99,3.24
"4507",4507,0.91,"Very Good","E","SI2",62.5,59,3632,6.16,6.23,3.87
"33764",33764,0.4,"Very Good","G","SI1",63.3,58,840,4.69,4.66,2.96
"47587",47587,0.58,"Ideal","D","VS2",61.2,57,1876,5.37,5.41,3.3
"18235",18235,1.13,"Ideal","G","VS1",61.7,54,7404,6.77,6.71,4.16
"9037",9037,0.36,"Ideal","H","VS2",61,55,587,4.59,4.62,2.81
"2621",2621,0.74,"Very Good","F","VS1",61.7,57,3226,5.79,5.85,3.59
"25915",25915,1.54,"Ideal","G","VVS2",62.5,57,15059,7.3,7.36,4.58
"50365",50365,0.53,"Ideal","G","IF",61.9,56,2247,5.18,5.22,3.21
"11031",11031,0.9,"Ideal","D","SI1",61.8,57,4919,6.22,6.17,3.83
"40468",40468,0.38,"Ideal","D","VS1",62.2,57,1140,4.66,4.63,2.89
"12205",12205,1.01,"Very Good","G","SI1",63.7,60,5192,6.31,6.35,4.03
"27034",27034,0.32,"Ideal","F","VS2",62.5,56,645,4.37,4.43,2.75
"30035",30035,0.35,"Ideal","E","VS1",61.5,57,718,4.52,4.55,2.79
"35297",35297,0.3,"Premium","H","VS2",61.8,60,473,4.26,4.31,2.65
"1619",1619,0.81,"Ideal","E","SI2",61.8,56,3013,6,5.97,3.7
"2052",2052,0.32,"Very Good","H","VS1",61.7,61,561,4.38,4.43,2.72
"43351",43351,0.5,"Very Good","E","VS2",61.3,62,1407,5.05,5.1,3.11
"2642",2642,1.03,"Ideal","H","I1",61.5,57,3230,6.52,6.48,4
"49314",49314,0.34,"Ideal","G","SI1",61.8,54,540,4.48,4.51,2.78
"26541",26541,2.09,"Very Good","F","SI2",62.5,60,16210,8.14,8.06,5.06
"3367",3367,0.25,"Very Good","G","VS2",63,54,407,4.04,4.06,2.55
"6996",6996,1,"Premium","I","VS2",62.6,59,4155,6.33,6.28,3.95
"284",284,0.72,"Premium","G","VS2",62.9,57,2795,5.73,5.65,3.58
"41336",41336,0.48,"Fair","E","VS2",64.9,54,1215,4.94,4.92,3.2
"15985",15985,1.02,"Premium","G","VS2",62.1,58,6397,6.5,6.44,4.02
"43757",43757,0.41,"Ideal","F","IF",61.9,56,1439,4.77,4.79,2.96
"33259",33259,0.3,"Good","D","VVS1",63.3,61,825,4.21,4.23,2.67
"43079",43079,0.5,"Premium","F","SI1",59.6,60,1378,5.15,5.12,3.06
"7495",7495,1.01,"Ideal","F","SI2",61.4,56,4239,6.46,6.51,3.98
"8538",8538,0.91,"Very Good","G","SI1",60.2,58,4429,6.29,6.31,3.79
"15142",15142,1.02,"Premium","G","VS2",62.6,59,6087,6.43,6.39,4.01
"12764",12764,1.21,"Ideal","J","VS1",62.3,55,5324,6.81,6.86,4.26
"22397",22397,1.32,"Premium","F","VS2",60.9,59,10423,7.12,7.06,4.32
"30422",30422,0.32,"Very Good","H","VVS1",62.7,57,730,4.36,4.41,2.75
"12739",12739,1.13,"Premium","I","VS1",62.2,58,5316,6.68,6.63,4.14
"12158",12158,0.91,"Ideal","F","SI1",62,55,5176,6.21,6.24,3.86
"24555",24555,1.78,"Ideal","H","SI1",62.1,57,12843,7.77,7.73,4.81
"53288",53288,0.3,"Ideal","D","SI1",62.1,54,552,4.31,4.35,2.69
"22152",22152,1.51,"Ideal","H","VS1",61.2,58,10186,7.36,7.42,4.52
"15321",15321,1.23,"Premium","H","VS2",58.5,62,6150,7,6.98,4.09
"16752",16752,1.25,"Ideal","E","SI2",62.3,57,6670,6.83,6.88,4.27
"23207",23207,1.28,"Very Good","G","VVS1",60.3,59,11214,6.99,7.03,4.23
"1875",1875,0.79,"Very Good","F","SI1",58.5,61,3073,6.03,6.08,3.54
"25425",25425,1.51,"Very Good","F","VS2",62.5,58,14165,7.21,7.36,4.55
"38980",38980,0.4,"Ideal","I","IF",62.8,54,1053,4.7,4.72,2.96
"26395",26395,2.19,"Very Good","I","SI2",60.3,60,15907,8.29,8.33,5.01
"49455",49455,0.7,"Good","E","SI1",61.6,61,2111,5.64,5.66,3.48
"33316",33316,0.35,"Premium","D","SI1",61.8,59,827,4.56,4.54,2.81
"15093",15093,1.01,"Premium","F","VS1",62.6,58,6066,6.37,6.48,4.02
"47695",47695,0.5,"Ideal","G","VVS1",62.2,54,1883,5.1,5.13,3.18
"18649",18649,1.03,"Premium","E","VS1",61.5,58,7614,6.55,6.43,3.99
"30808",30808,0.3,"Fair","F","VVS2",65.5,61,743,4.19,4.15,2.73
"41780",41780,0.35,"Ideal","D","VVS1",61.5,57,1247,4.55,4.52,2.79
"48515",48515,0.58,"Ideal","G","VS1",62.6,54,1984,5.34,5.3,3.33
"2983",2983,1,"Very Good","E","I1",63,57,3300,6.32,6.35,3.99
"37262",37262,0.32,"Very Good","I","SI2",63.4,56,480,4.37,4.34,2.76
"19510",19510,1.21,"Premium","F","VS2",61.3,58,8139,6.89,6.84,4.21
"51533",51533,0.71,"Ideal","G","SI1",62.4,56,2386,5.74,5.71,3.57
"13839",13839,1.09,"Premium","E","SI1",62.5,57,5640,6.61,6.55,4.11
"5017",5017,0.9,"Very Good","J","VVS1",60.4,60,3746,6.23,6.28,3.78
"33199",33199,0.3,"Ideal","G","VVS2",62.9,55,819,4.31,4.28,2.7
"20362",20362,1.09,"Ideal","G","VVS2",61.8,56,8753,6.58,6.62,4.08
"2247",2247,1.02,"Ideal","I","VS2",62.8,57,3148,6.45,6.39,4.03
"35955",35955,0.3,"Ideal","F","SI1",62.5,56,475,4.28,4.3,2.68
"23485",23485,1.51,"Good","E","SI1",62.8,59,11487,7.16,7.2,4.51
"29368",29368,0.31,"Good","G","VS2",63.6,56,698,4.29,4.26,2.72
"24634",24634,1.53,"Premium","E","SI1",61.3,59,12968,7.4,7.35,4.52
"50990",50990,0.31,"Ideal","G","VS2",61.6,55,544,4.37,4.39,2.7
"44560",44560,0.52,"Ideal","D","SI1",61.8,56,1605,5.18,5.15,3.19
"31759",31759,0.44,"Ideal","G","SI1",61.5,57,772,4.87,4.88,3
"37594",37594,0.24,"Very Good","E","VVS2",58.9,63,485,4.05,4.07,2.39
"24059",24059,0.38,"Premium","D","SI1",59.1,58,635,4.74,4.77,2.81
"4505",4505,0.8,"Ideal","E","SI1",61.7,56,3630,5.99,6.04,3.71
"39703",39703,0.4,"Ideal","H","VVS1",62,54,1088,4.76,4.72,2.94
"35729",35729,0.3,"Ideal","D","VS2",62.5,55,911,4.31,4.3,2.69
"37898",37898,0.41,"Ideal","F","VS1",61.9,55,1007,4.76,4.8,2.96
"34093",34093,0.31,"Ideal","D","VS2",61.8,55,852,4.33,4.36,2.69
"12103",12103,1.13,"Ideal","I","VS2",62.2,55,5165,6.69,6.67,4.15
"26085",26085,1.62,"Ideal","G","VS2",61.7,54,15318,7.57,7.58,4.68
"27787",27787,0.37,"Premium","E","SI1",61.8,58,649,4.59,4.64,2.85
"22873",22873,2.32,"Premium","I","SI2",62.1,58,10913,8.47,8.43,5.25
"26484",26484,1,"Very Good","D","IF",63.3,59,16073,6.37,6.33,4.02
"28588",28588,0.3,"Ideal","G","VS2",62.5,53,675,4.3,4.27,2.68
"24317",24317,2.01,"Ideal","J","SI2",62.9,54,12565,8.03,8.07,5.06
"49285",49285,0.52,"Ideal","F","VVS2",61.5,55,2092,5.17,5.21,3.19
"33505",33505,0.32,"Ideal","G","VS1",61.2,56,828,4.43,4.39,2.7
"25520",25520,2.16,"Premium","J","SI1",60.5,59,14328,8.41,8.35,5.07
"12243",12243,0.9,"Good","E","VS1",62.7,58,5201,6.07,6.12,3.82
"52459",52459,0.7,"Ideal","G","VS2",61.2,57,2515,5.77,5.7,3.51
"42002",42002,0.51,"Very Good","F","SI1",62,54,1265,5.15,5.18,3.2
"53622",53622,0.35,"Premium","I","VS1",61.1,60,552,4.52,4.58,2.78
"24408",24408,1.52,"Very Good","H","VVS2",62.8,56,12648,7.3,7.32,4.59
"9495",9495,1.05,"Ideal","G","SI2",61.8,57,4608,6.51,6.57,4.04
"30848",30848,0.33,"Premium","H","VS1",60.2,62,743,4.47,4.44,2.68
"46987",46987,0.71,"Good","G","SI2",63.6,58,1816,5.6,5.54,3.55
"53843",53843,0.71,"Ideal","H","VVS1",62,57,2739,5.71,5.75,3.55
"2611",2611,1.15,"Premium","H","SI2",60.4,58,3220,6.8,6.75,4.09
"5238",5238,0.9,"Fair","F","SI2",62.6,58,3787,6.01,6.06,3.78
"50185",50185,0.7,"Premium","D","SI2",61.8,55,2222,5.71,5.68,3.52
"30960",30960,0.32,"Very Good","I","VS2",63,56,449,4.38,4.42,2.77
"19738",19738,1.21,"Premium","G","VS1",59.5,58,8305,6.97,7.01,4.16
"28667",28667,0.29,"Ideal","E","SI1",60.4,54,677,4.32,4.36,2.62
"35968",35968,0.3,"Ideal","G","SI1",61.8,56,477,4.34,4.37,2.69
"42314",42314,0.41,"Premium","F","VVS1",61.8,59,1295,4.74,4.77,2.94
"6721",6721,0.23,"Very Good","D","VS2",60.2,57,577,4.02,4.07,2.43
"18810",18810,1.05,"Ideal","F","VS2",59.1,57,7697,6.67,6.66,3.94
"1870",1870,0.92,"Good","J","SI2",59,63,3070,6.3,6.35,3.73
"53608",53608,0.74,"Ideal","F","SI1",62.5,56,2702,5.8,5.76,3.61
"29785",29785,0.3,"Premium","D","SI1",59.7,59,709,4.37,4.34,2.6
"16877",16877,1.26,"Very Good","G","SI1",61.7,60,6733,6.85,6.9,4.24
"24654",24654,1.7,"Premium","H","VS2",62.8,58,12992,7.57,7.52,4.74
"16273",16273,1.01,"Good","E","VS1",64.6,58,6509,6.22,6.29,4.04
"43342",43342,0.51,"Premium","F","SI1",59.4,60,1406,5.21,5.19,3.09
"26585",26585,2.24,"Ideal","H","SI2",61.4,56,16300,8.38,8.43,5.16
"21671",21671,1.96,"Premium","H","SI2",60.4,62,9769,7.96,7.9,4.79
"32195",32195,0.35,"Ideal","E","SI1",60.9,55,788,4.57,4.53,2.77
"14280",14280,1.11,"Premium","H","VS2",62.6,58,5781,6.63,6.59,4.14
"27851",27851,0.34,"Ideal","H","VVS2",60.9,55,652,4.52,4.54,2.75
"44219",44219,0.57,"Premium","F","SI1",60.7,58,1571,5.36,5.32,3.24
"11408",11408,1.01,"Very Good","I","SI2",63.4,57,5000,6.3,6.39,4.02
"13649",13649,1.05,"Ideal","F","SI1",60.6,59,5586,6.51,6.56,3.96
"42772",42772,0.62,"Very Good","F","SI2",63.1,52,1348,5.39,5.53,3.45
"7801",7801,1.02,"Ideal","G","SI2",62.7,57,4291,6.42,6.44,4.03
"10232",10232,1.06,"Ideal","I","SI1",61.9,54,4745,6.56,6.59,4.07
"30244",30244,0.33,"Ideal","E","VS2",62.1,56,723,4.4,4.45,2.75
"27239",27239,2.48,"Premium","I","SI2",63,62,17607,8.62,8.58,5.42
"17464",17464,1.06,"Very Good","G","VS1",62,58,7003,6.51,6.56,4.05
"18026",18026,1.5,"Premium","H","SI2",62.3,59,7291,7.27,7.21,4.52
"25290",25290,1.51,"Very Good","F","VS2",61.9,63,13945,7.35,7.26,4.52
"23134",23134,1.5,"Premium","I","VVS1",62.4,60,11155,7.32,7.29,4.56
"41379",41379,0.41,"Ideal","E","VVS1",61.4,57,1221,4.77,4.8,2.94
"1909",1909,1,"Premium","H","SI2",62.8,60,3080,6.46,6.34,4.02
"7357",7357,1.12,"Premium","E","SI2",63,61,4215,6.66,6.61,4.18
"30194",30194,0.42,"Good","F","SI1",63.4,56,722,4.75,4.78,3.02
"38609",38609,0.39,"Very Good","D","VS2",59.5,57,1040,4.79,4.82,2.86
"45023",45023,0.54,"Ideal","H","VS1",62.7,57,1637,5.23,5.17,3.26
"43273",43273,0.3,"Very Good","I","SI1",63.4,57,506,4.25,4.23,2.69
"46770",46770,0.52,"Ideal","D","VS2",61.9,55,1802,5.19,5.21,3.22
"35689",35689,0.39,"Ideal","H","VVS2",61.9,54,911,4.7,4.73,2.92
"37208",37208,0.34,"Ideal","G","IF",61,55,974,4.51,4.54,2.76
"32529",32529,0.35,"Premium","H","VVS1",61.2,60,798,4.51,4.54,2.77
"48475",48475,0.66,"Good","H","VS1",59.8,60.9,1978,5.62,5.68,3.38
"9746",9746,1.09,"Premium","I","VS2",61.3,58,4659,6.63,6.58,4.05
"8978",8978,1.01,"Good","G","SI1",63.8,56,4504,6.32,6.37,4.05
"20862",20862,1.54,"Premium","H","VS2",60.3,60,9081,7.47,7.45,4.5
"13064",13064,1.16,"Fair","H","SI1",65.8,58,5411,6.54,6.46,4.28
"1579",1579,0.71,"Ideal","G","SI1",61.9,56,3007,5.73,5.76,3.55
"25354",25354,0.28,"Very Good","E","VVS2",59.1,59,642,4.27,4.33,2.54
"12284",12284,1.36,"Very Good","J","SI2",62.6,58,5215,7,7.12,4.42
"880",880,1,"Fair","H","SI1",65.5,62,2873,6.14,6.07,4
"14690",14690,1.08,"Good","D","SI1",63.8,59,5927,6.47,6.39,4.1
"40060",40060,0.46,"Good","F","VS1",64.4,60,1113,4.88,4.9,3.15
"25714",25714,1.5,"Ideal","E","VS2",63.4,54,14618,7.22,7.25,4.59
"1395",1395,0.24,"Ideal","G","IF",61.7,56,559,3.99,4.01,2.47
"40610",40610,0.29,"Ideal","H","VS1",61.8,57,498,4.27,4.31,2.64
"22451",22451,1.5,"Good","H","VS2",63.6,58,10478,7.27,7.22,4.61
"17421",17421,1.05,"Ideal","G","VS2",61.6,59,6981,6.51,6.54,4.02
"38186",38186,0.41,"Ideal","D","SI1",61.4,56,1015,4.8,4.77,2.94
"3504",3504,0.9,"Good","E","SI2",63.4,60,3401,6.02,6.07,3.83
"1761",1761,0.78,"Very Good","F","SI1",62.4,58,3045,5.83,5.86,3.65
"2179",2179,0.8,"Premium","G","VS2",59.6,59,3136,6.09,6,3.6
"12931",12931,1.31,"Very Good","J","SI1",62.5,55,5382,6.97,7.05,4.38
"6787",6787,1.02,"Premium","I","SI1",61.7,58,4113,6.48,6.45,3.99
"34262",34262,0.3,"Ideal","H","SI1",62.1,56,465,4.3,4.32,2.67
"12376",12376,0.36,"Ideal","E","SI1",60.9,57,597,4.58,4.62,2.8
"2152",2152,0.7,"Very Good","G","VS1",61.9,57,3127,5.68,5.71,3.53
"3392",3392,0.27,"Very Good","E","VVS2",59.7,61,567,4.24,4.27,2.54
"38594",38594,0.43,"Good","H","VVS1",61.2,61,1037,4.84,4.9,2.98
"37163",37163,0.32,"Ideal","D","VS2",62.3,57,972,4.41,4.39,2.74
"30129",30129,0.32,"Ideal","G","VS2",61.8,57,720,4.4,4.37,2.71
"48300",48300,0.51,"Very Good","D","VS1",62.2,59,1959,5.1,5.13,3.18
"35949",35949,0.3,"Ideal","F","SI1",61.9,54,475,4.33,4.36,2.69
"10769",10769,0.9,"Ideal","E","SI1",61.1,56,4854,6.21,6.23,3.8
"28940",28940,0.3,"Premium","H","VVS1",62.7,59,684,4.29,4.32,2.7
"19598",19598,1.62,"Ideal","I","SI2",62.2,57,8220,7.51,7.57,4.69
"29691",29691,0.31,"Ideal","H","VVS1",62.2,54,707,4.36,4.39,2.72
"10527",10527,1,"Good","G","VS1",63.7,60,4805,6.38,6.31,4.04
"22542",22542,1.02,"Premium","D","VVS2",61.4,58,10580,6.43,6.46,3.96
"46834",46834,0.67,"Premium","F","SI1",61.3,59,1809,5.65,5.63,3.46
"53780",53780,0.74,"Very Good","E","SI2",59.1,60,2728,5.88,5.93,3.49
"41351",41351,0.57,"Good","H","SI1",63.1,54,1218,5.28,5.3,3.34
"20086",20086,1.37,"Premium","H","VS2",62.5,59,8562,7.12,7.05,4.43
"17928",17928,1.53,"Ideal","G","SI2",61.7,57,7240,7.44,7.41,4.58
"31873",31873,0.3,"Ideal","H","VVS2",62.1,56,776,4.32,4.28,2.67
"50852",50852,0.7,"Very Good","H","VS2",63.6,56,2312,5.6,5.63,3.57
"12382",12382,0.35,"Ideal","I","VVS2",62,54,598,4.54,4.56,2.82
"781",781,0.9,"Very Good","J","SI2",63.6,58,2860,6.07,6.1,3.87
"50976",50976,0.31,"Premium","G","VS2",62.4,59,544,4.34,4.38,2.72
"46685",46685,0.7,"Ideal","I","SI1",61.3,57,1790,5.72,5.75,3.52
"42723",42723,0.52,"Ideal","E","SI1",62.1,54,1341,5.17,5.2,3.22
"40132",40132,0.41,"Ideal","E","VS1",60.4,55,1115,4.85,4.89,2.94
"25681",25681,0.31,"Ideal","F","VS1",61.5,54,642,4.36,4.39,2.69
"19837",19837,1.01,"Very Good","E","VVS2",61.6,58,8401,6.4,6.46,3.96
"36251",36251,0.41,"Ideal","E","VS2",62.1,57,935,4.74,4.79,2.96
"13527",13527,1,"Premium","E","SI1",60.7,59,5544,6.41,6.38,3.88
"26359",26359,0.32,"Very Good","H","VVS2",62.1,58,645,4.34,4.39,2.71
"31046",31046,0.34,"Ideal","D","SI1",62,55,750,4.53,4.5,2.8
"1363",1363,1.5,"Fair","H","I1",65.6,54,2964,7.26,7.09,4.7
"28617",28617,0.3,"Good","E","SI1",63.7,58,675,4.27,4.24,2.71
"25344",25344,2,"Very Good","I","SI1",63.6,57,14057,7.9,7.99,5.05
"49158",49158,0.5,"Premium","G","VVS1",61,60,2070,5.12,5.08,3.11
"23702",23702,0.3,"Premium","I","IF",60.5,59,631,4.32,4.34,2.62
"18059",18059,0.34,"Ideal","G","VS2",61.4,55,616,4.51,4.54,2.78
"3812",3812,0.73,"Ideal","D","VS2",61.4,56,3467,5.81,5.78,3.56
"43041",43041,0.5,"Premium","E","SI1",63,61,1374,5.07,5.03,3.18
"45874",45874,0.51,"Premium","D","VS2",60.9,58,1716,5.18,5.14,3.14
"16585",16585,1.08,"Premium","D","SI1",62.8,58,6623,6.62,6.51,4.12
"1391",1391,0.24,"Ideal","G","VVS1",62,55,559,4.01,4.03,2.49
"13476",13476,1.22,"Premium","G","SI2",60.2,58,5534,6.92,6.9,4.16
"45526",45526,0.57,"Ideal","D","SI1",61.4,55,1684,5.34,5.35,3.28
"36631",36631,0.4,"Ideal","E","VS1",62.5,55,947,4.67,4.71,2.93
"13690",13690,1.01,"Ideal","E","SI1",62.1,54,5599,6.5,6.41,4.01
"20505",20505,1.51,"Very Good","I","VS2",62.3,60,8836,7.29,7.35,4.56
"2218",2218,0.7,"Very Good","E","VS1",62.8,57,3145,5.65,5.68,3.56
"35359",35359,0.42,"Premium","D","SI2",60.8,59,898,4.83,4.77,2.92
"53507",53507,0.7,"Very Good","D","SI1",62.1,56,2686,5.65,5.69,3.52
"16326",16326,1.27,"Premium","I","VS1",62.2,59,6532,6.92,6.87,4.29
"14459",14459,1.06,"Ideal","F","SI1",61.9,57,5834,6.57,6.54,4.06
"51130",51130,0.71,"Ideal","E","SI2",58.7,57,2340,5.89,5.86,3.44
"45929",45929,0.53,"Very Good","G","VS1",60.1,58,1721,5.27,5.32,3.18
"23199",23199,1.52,"Ideal","H","VS2",60.7,56,11206,7.49,7.41,4.52
"50774",50774,0.81,"Fair","F","SI2",68.8,79,2301,5.26,5.2,3.58
"13882",13882,1.31,"Very Good","I","SI2",60.9,58,5652,7.03,7.07,4.29
"45612",45612,0.51,"Ideal","G","VS1",61.9,56,1691,5.12,5.16,3.18
"38146",38146,0.3,"Very Good","G","VVS1",63.5,57,1013,4.27,4.24,2.7
"30691",30691,0.4,"Ideal","E","SI1",60.5,57,737,4.77,4.81,2.9
"25537",25537,2.14,"Ideal","G","SI2",62.9,56,14359,8.18,8.14,5.13
"47715",47715,0.63,"Very Good","D","SI1",62.8,57,1885,5.4,5.46,3.41
"14619",14619,1.26,"Premium","G","SI2",59.1,59,5899,7.09,7.05,4.18
"37293",37293,0.52,"Good","I","SI1",63.6,60,978,5.05,5.1,3.23
"35337",35337,0.32,"Ideal","G","IF",61.7,57,898,4.39,4.42,2.72
"56",56,0.3,"Ideal","I","SI2",61,59,405,4.3,4.33,2.63
"34735",34735,0.37,"Ideal","E","VS1",61.2,56,876,4.64,4.67,2.85
"16909",16909,1.23,"Premium","G","SI1",62.4,55,6750,6.89,6.83,4.28
"3108",3108,0.69,"Very Good","G","VVS1",60.8,55,3323,5.74,5.77,3.5
"14605",14605,1.15,"Ideal","D","SI2",61.7,57,5891,6.72,6.76,4.16
"30051",30051,0.41,"Very Good","G","SI1",60.3,60,719,4.76,4.8,2.88
"9684",9684,1.23,"Premium","J","SI1",61.9,54,4649,6.89,6.86,4.26
"41842",41842,0.4,"Good","D","VS1",56.3,59,1254,4.94,4.97,2.79
"29514",29514,0.32,"Ideal","E","VS2",61.9,56,702,4.36,4.4,2.71
"39054",39054,0.54,"Ideal","I","SI1",61.9,54,1057,5.25,5.28,3.26
"5190",5190,0.9,"Good","H","VS2",63.6,55,3775,6.14,6.09,3.89
"20848",20848,1.5,"Premium","G","SI2",61.8,59,9072,7.29,7.21,4.48
"14931",14931,1.22,"Premium","E","SI2",61.5,58,6012,6.84,6.86,4.21
"21827",21827,1.04,"Ideal","E","VVS2",62.4,56,9897,6.51,6.47,4.05
"35344",35344,0.42,"Very Good","H","SI1",63.2,58,898,4.79,4.77,3.02
"32541",32541,0.27,"Ideal","E","VVS2",61.8,57,799,4.16,4.12,2.56
"40167",40167,0.58,"Very Good","G","SI2",63.3,58,1117,5.26,5.29,3.34
"40448",40448,0.51,"Ideal","F","SI2",61.1,56,1139,5.18,5.21,3.17
"38492",38492,0.42,"Ideal","D","VS2",61.2,56,1031,4.8,4.84,2.95
"29813",29813,0.3,"Ideal","D","SI1",62.5,57,709,4.28,4.26,2.67
"5412",5412,0.9,"Ideal","G","SI2",62.8,54,3820,6.11,6.15,3.85
"26268",26268,1.68,"Ideal","G","VS2",62.5,54,15740,7.61,7.64,4.76
"44726",44726,0.47,"Very Good","F","VVS2",62.1,56,1616,4.96,4.99,3.09
"37195",37195,0.46,"Ideal","I","VS1",62.3,56,974,4.96,4.93,3.08
"11500",11500,1.02,"Very Good","F","SI1",61.9,58,5019,6.43,6.49,4
"52354",52354,0.7,"Very Good","G","VS2",59.6,60,2501,5.71,5.8,3.43
"44719",44719,0.62,"Ideal","I","VVS2",62.6,57,1615,5.47,5.5,3.44
"10229",10229,1.2,"Ideal","J","SI2",61.7,56,4744,6.87,6.79,4.21
"9897",9897,0.9,"Good","H","VS2",58.2,59,4685,6.36,6.33,3.69
"35511",35511,0.41,"Premium","E","SI1",61.8,60,904,4.78,4.74,2.94
"51415",51415,0.77,"Good","E","SI2",58.1,63,2371,6.02,6.06,3.5
"16561",16561,1.04,"Ideal","G","VS2",61.6,55,6617,6.51,6.55,4.02
"44760",44760,0.52,"Ideal","G","VS1",62.1,54,1621,5.14,5.17,3.2
"51516",51516,0.7,"Fair","G","VS1",65.8,61,2384,5.61,5.46,3.64
"48603",48603,0.72,"Ideal","J","VVS2",61.6,56,1996,5.76,5.73,3.54
"35996",35996,0.35,"Ideal","H","IF",60.5,56,921,4.56,4.59,2.77
"51118",51118,0.97,"Fair","F","SI2",67.2,61,2338,6.09,6,4.06
"41915",41915,0.5,"Very Good","H","VS2",62.8,58,1262,5.03,5.07,3.17
"33013",33013,0.3,"Very Good","F","VVS1",61.1,57,814,4.31,4.33,2.64
"49121",49121,0.7,"Good","H","SI1",63.4,61,2066,5.58,5.62,3.55
"46649",46649,0.3,"Very Good","G","VS2",63,55,526,4.29,4.31,2.71
"43956",43956,0.31,"Good","F","SI1",63.1,57,516,4.28,4.31,2.71
"41501",41501,0.62,"Premium","F","SI2",59.1,58,1234,5.6,5.57,3.3
"45181",45181,0.51,"Very Good","G","VS1",62.9,58,1656,5.05,5.1,3.19
"18209",18209,1.02,"Premium","D","VS2",62.9,60,7389,6.42,6.37,4.02
"14864",14864,1.05,"Very Good","G","VS2",63,57,5987,6.48,6.51,4.09
"22835",22835,1.5,"Good","E","SI1",61.3,65,10868,7.17,7.23,4.41
"3316",3316,0.9,"Premium","H","SI2",58.3,60,3371,6.34,6.31,3.69
"52175",52175,0.7,"Premium","E","SI2",62.8,59,2475,5.69,5.64,3.56
"18756",18756,1.01,"Ideal","E","VS1",62.7,55,7665,6.45,6.4,4.03
"27725",27725,2.01,"Very Good","G","SI1",63.1,59,18741,8.03,7.98,5.05
"18082",18082,1.01,"Good","G","VVS2",58.2,55,7306,6.65,6.68,3.88
"16574",16574,1.01,"Ideal","G","VS2",61.4,58,6618,6.47,6.44,3.97
"36887",36887,0.55,"Ideal","H","SI2",61.4,55,959,5.27,5.29,3.24
"45936",45936,0.53,"Very Good","G","VS1",60.2,55,1722,5.25,5.28,3.17
"27268",27268,2.12,"Very Good","F","SI2",60.6,58,17694,8.27,8.32,5.03
"3775",3775,0.8,"Very Good","F","VS1",63.7,56,3460,5.87,5.9,3.75
"7905",7905,1.01,"Very Good","I","SI1",63.1,57,4313,6.32,6.36,4
"19741",19741,1.51,"Premium","D","SI2",61.4,56,8311,7.37,7.32,4.51
"8190",8190,1.04,"Premium","H","SI1",60.4,59,4368,6.59,6.55,3.97
"51705",51705,0.7,"Very Good","F","VS2",61.2,56,2400,5.72,5.78,3.52
"39102",39102,0.41,"Ideal","I","VVS2",62.3,56,1061,4.77,4.73,2.96
"17998",17998,1.01,"Very Good","D","VS2",62.8,57,7278,6.33,6.4,4
"18379",18379,0.42,"Good","D","SI2",60.7,61,617,4.78,4.84,2.92
"26674",26674,0.25,"Ideal","H","VS1",61.9,54,426,4.07,4.1,2.53
"14469",14469,1.08,"Ideal","H","VS2",62.1,56,5839,6.59,6.56,4.08
"14782",14782,1.21,"Ideal","H","SI1",62.4,56,5948,6.85,6.8,4.26
"15524",15524,1.01,"Very Good","E","VS2",62.9,58,6221,6.37,6.47,4.04
"50614",50614,0.25,"Very Good","D","VS2",61.1,60,399,4.07,4.11,2.5
"4500",4500,0.9,"Premium","H","SI1",61.9,58,3629,6.2,6.15,3.82
"25857",25857,2.07,"Ideal","H","SI1",60.6,56,14935,8.38,8.3,5.05
"31959",31959,0.31,"Ideal","I","VS2",62.3,54,452,4.37,4.4,2.73
"45325",45325,0.32,"Good","E","SI1",63.1,54,524,4.37,4.41,2.77
"38803",38803,0.31,"Very Good","G","VVS1",63.1,56,1046,4.35,4.33,2.74
"2369",2369,0.9,"Good","I","SI1",63.5,59,3176,6.05,6.1,3.86
"109",109,0.81,"Ideal","F","SI2",58.8,57,2761,6.14,6.11,3.6
"43531",43531,0.43,"Ideal","E","VVS2",61.7,55,1426,4.86,4.87,3
"39029",39029,0.52,"Good","H","SI1",57.6,61,1056,5.34,5.32,3.07
"36925",36925,0.41,"Ideal","G","VS1",60.8,56,961,4.82,4.79,2.92
"50274",50274,0.7,"Very Good","E","SI1",62.6,58,2239,5.66,5.68,3.55
"35898",35898,0.32,"Ideal","G","IF",61.2,55,918,4.41,4.44,2.71
"11149",11149,1.11,"Ideal","F","SI2",61.7,55,4942,6.66,6.63,4.1
"10516",10516,1.04,"Ideal","H","SI1",62.1,57,4801,6.49,6.52,4.04
"46633",46633,0.3,"Good","G","VS2",63.1,57,526,4.24,4.28,2.69
"34166",34166,0.33,"Ideal","G","VS1",61.4,54,854,4.48,4.44,2.74
"1820",1820,0.57,"Ideal","F","VVS1",61.1,55,3057,5.36,5.44,3.3
"19604",19604,1.5,"Ideal","H","VVS2",61.3,56,8224,7.37,7.28,4.49
"9374",9374,0.32,"Ideal","D","SI1",61.9,57,589,4.36,4.4,2.71
"27048",27048,0.32,"Ideal","H","VVS2",61.8,55,645,4.38,4.42,2.72
"9866",9866,1.03,"Premium","D","SI2",61.7,58,4679,6.47,6.5,4
"52115",52115,0.72,"Very Good","H","VS2",61.4,57,2462,5.75,5.79,3.54
"28077",28077,0.38,"Very Good","H","SI1",60.1,57,662,4.73,4.75,2.85
"9802",9802,0.9,"Very Good","G","VVS2",62.6,55,4668,6.12,6.19,3.85
"33777",33777,0.35,"Very Good","F","VS1",60.3,58.6,842,4.56,4.59,2.76
"12352",12352,1.01,"Very Good","E","SI1",62.4,58,5229,6.36,6.4,3.99
"17993",17993,1.31,"Premium","H","VS2",62.5,58,7277,6.97,6.94,4.35
"46388",46388,0.5,"Very Good","G","VVS2",62.8,57,1764,5.05,5.07,3.18
"5812",5812,0.91,"Premium","E","SI1",61.5,60,3911,6.19,6.24,3.82
"10139",10139,1.05,"Ideal","I","SI2",61.8,59,4723,6.53,6.49,4.02
"15430",15430,1.2,"Very Good","H","VS1",62,57,6177,6.77,6.81,4.21
"10684",10684,1.01,"Ideal","F","SI2",62.7,57,4843,6.36,6.39,4
"3081",3081,1.24,"Ideal","J","SI1",62.3,57,3312,6.86,6.81,4.26
"20265",20265,1.19,"Very Good","G","VVS2",61.8,59,8689,6.75,6.77,4.18
"8747",8747,0.91,"Good","G","VVS2",64.1,58,4464,6.1,6.06,3.9
"9435",9435,1.19,"Premium","I","VS2",59.3,59,4591,6.98,6.88,4.11
"3188",3188,0.73,"Ideal","G","VS1",62,55,3342,5.74,5.79,3.58
"43560",43560,0.51,"Good","D","VS2",60.1,65,1430,5.14,5.17,3.1
"7564",7564,0.9,"Premium","G","VS2",62.1,59,4252,6.15,6.09,3.8
"40235",40235,0.53,"Very Good","J","VS2",62.4,58,1124,5.15,5.24,3.24
"22337",22337,1.02,"Ideal","E","VVS2",61.5,57,10384,6.55,6.5,4.01
"35117",35117,0.3,"Ideal","F","IF",62.3,55,886,4.29,4.31,2.68
"18222",18222,1.22,"Premium","E","SI1",62.3,59,7395,6.8,6.74,4.22
"52502",52502,0.71,"Ideal","I","VS1",60.9,55,2525,5.8,5.81,3.53
"14948",14948,1.01,"Ideal","G","VS2",60.8,59,6019,6.52,6.5,3.96
"16365",16365,0.33,"Very Good","I","VVS1",61.7,61,608,4.43,4.45,2.74
"42927",42927,0.57,"Good","F","SI1",63.2,55,1364,5.26,5.31,3.34
"2576",2576,0.71,"Ideal","E","VS1",61.9,54,3212,5.74,5.76,3.56
"12825",12825,1.1,"Ideal","H","VS2",60.5,57,5347,6.73,6.7,4.06
"49978",49978,0.29,"Very Good","G","VVS2",60.2,59,541,4.27,4.3,2.58
"38728",38728,0.4,"Ideal","G","VVS1",62,56,1043,4.73,4.76,2.94
"13976",13976,1.19,"Ideal","I","SI1",62.3,55,5690,6.8,6.82,4.24
"51963",51963,0.3,"Ideal","H","VS1",61.4,57,545,4.31,4.32,2.65
"22253",22253,1.52,"Premium","D","SI2",61.4,54,10308,7.51,7.43,4.59
"48319",48319,0.31,"Ideal","I","VVS1",61.2,55.6,536,4.33,4.38,2.67
"1168",1168,0.77,"Very Good","H","VS1",63.3,57,2927,5.79,5.83,3.68
"11645",11645,1.2,"Good","J","VS2",63.7,56,5053,6.67,6.62,4.23
"25694",25694,0.4,"Ideal","E","SI2",62.6,54,644,4.68,4.71,2.94
"6881",6881,1.08,"Ideal","I","SI2",62.3,57,4130,6.56,6.61,4.1
"4027",4027,0.71,"Good","D","VS1",59.2,56,3524,5.84,5.85,3.46
"41646",41646,0.4,"Ideal","E","VVS2",62.1,55,1238,4.76,4.74,2.95
"11118",11118,1.13,"Ideal","I","SI1",61.4,57,4936,6.72,6.69,4.12
"51085",51085,0.54,"Ideal","F","VVS2",62.3,53.7,2334,5.22,5.26,3.26
"21508",21508,1.55,"Premium","G","SI1",59.8,59,9600,7.47,7.45,4.46
"26924",26924,1.7,"Very Good","G","VS1",60.6,59,16955,7.74,7.63,4.66
"9831",9831,1.01,"Premium","D","SI2",61.8,60,4672,6.41,6.37,3.95
"37024",37024,0.33,"Premium","G","VVS2",61.9,58,965,4.43,4.39,2.73
"2160",2160,0.97,"Good","J","VS2",64.3,58,3129,6.25,6.22,4.01
"31470",31470,0.34,"Premium","H","VS1",61.4,59,765,4.53,4.5,2.77
"9218",9218,1.01,"Ideal","G","SI2",59.3,60,4556,6.54,6.58,3.89
"42714",42714,0.56,"Good","F","SI1",63.2,56,1340,5.24,5.29,3.33
"18386",18386,0.26,"Ideal","F","VS1",62.1,54,618,4.12,4.13,2.56
"11958",11958,0.9,"Very Good","G","VS1",61.4,57,5135,6.2,6.24,3.82
"11378",11378,0.4,"Very Good","J","VS2",62.9,57,596,4.7,4.75,2.97
"15944",15944,1.66,"Ideal","J","SI2",60.8,57,6377,7.68,7.65,4.66
"39855",39855,0.33,"Ideal","D","VVS1",61,55,1100,4.47,4.52,2.74
"26246",26246,2.03,"Very Good","E","SI2",63,61,15690,7.99,8.04,5.05
"2346",2346,0.79,"Ideal","E","SI1",60.3,56,3171,5.99,6.05,3.63
"33285",33285,0.31,"Very Good","D","SI2",62.9,54,462,4.3,4.35,2.72
"15464",15464,1.02,"Ideal","D","SI1",62.3,57,6191,6.41,6.44,4
"39295",39295,0.3,"Ideal","H","VS2",62.6,55,491,4.28,4.31,2.69
"39501",39501,0.33,"Ideal","E","IF",60.8,57,1079,4.44,4.47,2.71
"18644",18644,1.35,"Ideal","H","SI1",61.5,58,7609,7.08,7.11,4.36
"4095",4095,0.92,"Very Good","F","SI2",60.6,63,3534,6.34,6.25,3.81
"20217",20217,1.5,"Premium","D","SI2",61.9,58,8649,7.34,7.27,4.52
"16793",16793,1,"Premium","F","VS1",61.3,59,6692,6.45,6.42,3.95
"38822",38822,0.7,"Very Good","G","I1",61.5,63,1047,5.73,5.65,3.5
"26437",26437,2.06,"Ideal","F","SI2",62.7,57,15970,8.19,8.09,5.1
"32874",32874,0.37,"Ideal","G","VS1",61,55,810,4.66,4.68,2.85
"4248",4248,0.9,"Ideal","H","SI2",62,57,3578,6.17,6.19,3.83
"26522",26522,1.98,"Premium","I","VS1",62.5,58,16171,7.95,7.99,4.98
"53181",53181,0.7,"Very Good","G","VS1",62.3,58,2631,5.63,5.67,3.52
"33334",33334,0.41,"Very Good","G","VS2",59.8,61,827,4.78,4.82,2.87
"5282",5282,0.9,"Ideal","D","SI2",60.9,57,3798,6.2,6.24,3.79
"21752",21752,1.12,"Very Good","G","IF",61,58,9820,6.7,6.72,4.09
"14076",14076,1.03,"Premium","E","SI1",62.9,56,5710,6.49,6.39,4.05
"1572",1572,0.71,"Very Good","E","VS1",63.2,60,3006,5.63,5.6,3.55
"28386",28386,0.33,"Premium","I","VS1",61.6,60,668,4.45,4.42,2.73
"48288",48288,0.73,"Ideal","J","SI1",61.3,57,1956,5.82,5.8,3.56
"19748",19748,1.5,"Premium","G","SI2",60.7,58,8316,7.39,7.33,4.47
"28779",28779,0.39,"Good","F","VS2",64.3,55,681,4.56,4.64,2.96
"9627",9627,1,"Good","H","VS2",63.6,61,4637,6.21,6.25,3.96
"37895",37895,0.41,"Ideal","D","VS2",61.6,55,1007,4.74,4.77,2.93
"40300",40300,0.4,"Premium","G","VS1",60.3,59,1125,4.8,4.76,2.88
"16483",16483,1.05,"Very Good","E","VS2",63.5,57,6586,6.51,6.46,4.12
"19529",19529,1.33,"Very Good","F","SI1",63.3,56,8163,6.91,6.95,4.39
"30994",30994,0.37,"Premium","F","VS2",61.2,58,746,4.63,4.69,2.85
"30024",30024,0.3,"Ideal","D","VS1",62.2,57,718,4.26,4.29,2.66
"31173",31173,0.41,"Good","I","VS1",63.7,57,755,4.67,4.72,2.99
"24075",24075,1.51,"Ideal","H","VS2",62.4,56,12219,7.33,7.28,4.56
"16395",16395,1.05,"Very Good","F","VS2",62,56,6545,6.48,6.52,4.03
"47677",47677,0.51,"Ideal","D","VS2",62.3,55,1882,5.19,5.12,3.21
"40387",40387,0.42,"Ideal","D","VVS2",61.7,57,1132,4.8,4.82,2.97
"48175",48175,0.57,"Premium","D","VS2",61.7,60,1944,5.28,5.32,3.27
"30747",30747,0.34,"Very Good","G","VVS2",62.3,59,740,4.45,4.48,2.78
"16551",16551,1.02,"Very Good","E","VS2",59.2,58,6612,6.52,6.58,3.88
"8903",8903,1.08,"Ideal","H","SI2",61.8,55,4491,6.57,6.6,4.07
"53938",53938,0.7,"Very Good","D","SI1",62.8,60,2757,5.66,5.68,3.56
"2547",2547,0.7,"Good","F","VVS1",59.9,62,3206,5.69,5.74,3.42
"36055",36055,0.31,"Good","G","IF",63.9,58,924,4.27,4.3,2.74
"28380",28380,0.33,"Premium","I","VS1",61.1,59,668,4.47,4.44,2.72
"44820",44820,0.5,"Ideal","E","VS2",61.6,55,1624,5.09,5.14,3.15
"22290",22290,1.42,"Premium","F","VS1",58.4,59,10338,7.36,7.32,4.29
"19514",19514,1.7,"Good","J","VS2",64,58,8146,7.41,7.47,4.76
"19310",19310,1,"Premium","D","VS1",62.7,60,8020,6.36,6.31,3.97
"18872",18872,1.64,"Very Good","J","SI1",62.6,59,7739,7.45,7.51,4.68
"32125",32125,0.4,"Good","F","VS2",62.2,61,784,4.71,4.74,2.94
"3915",3915,0.74,"Ideal","G","VVS2",60.9,58,3495,5.85,5.88,3.57
"18396",18396,1.51,"Good","J","VS2",59.5,61,7476,7.45,7.62,4.48
"48621",48621,0.7,"Premium","H","SI2",62.1,62,1999,5.67,5.63,3.51
"52434",52434,0.7,"Very Good","E","VS2",62.6,56,2513,5.65,5.69,3.55
"22028",22028,0.31,"Ideal","F","SI1",62,54,628,4.36,4.38,2.71
"22258",22258,1.86,"Ideal","J","VS2",62.6,56,10312,7.95,7.87,4.95
"33940",33940,0.27,"Ideal","H","VS1",61.2,54,464,4.2,4.23,2.58
"9150",9150,1.09,"Premium","D","SI2",62.8,56,4538,6.49,6.45,4.06
"35405",35405,0.32,"Ideal","F","VS1",61.9,56,900,4.4,4.36,2.71
"25247",25247,2.09,"Premium","J","SI1",62.2,59,13864,8.23,8.16,5.1
"53301",53301,0.3,"Very Good","I","VVS1",62.8,59,552,4.24,4.29,2.68
"8644",8644,1,"Ideal","F","SI2",61.3,56,4452,6.46,6.43,3.95
"7428",7428,0.86,"Ideal","E","SI1",60.6,56,4228,6.16,6.18,3.74
"48102",48102,0.5,"Ideal","G","VVS2",62,56,1935,5.13,5.09,3.17
"36921",36921,0.41,"Premium","G","VS1",62.3,56,961,4.8,4.77,2.98
"22893",22893,1.5,"Ideal","I","VVS2",60.7,60,10931,7.35,7.4,4.48
"21020",21020,1.3,"Ideal","H","VVS1",62.8,55.2,9232,6.94,6.97,4.36
"28838",28838,0.41,"Premium","D","SI2",62.3,58,683,4.73,4.77,2.96
"44001",44001,0.3,"Good","G","SI2",63.7,54,394,4.23,4.25,2.7
"8680",8680,1.01,"Good","D","SI2",63.5,61,4457,6.33,6.37,4.03
"21499",21499,1.53,"Ideal","I","VS2",62.2,57,9596,7.39,7.33,4.58
"27506",27506,2.09,"Very Good","I","VS1",62.9,57,18215,8.09,8.13,5.1
"21710",21710,0.27,"Ideal","G","IF",61.2,57,627,4.17,4.2,2.56
"5210",5210,0.9,"Ideal","G","SI1",60.3,56,3780,6.27,6.23,3.77
"4626",4626,1.27,"Very Good","I","I1",60.2,62,3665,7,7.05,4.23
"36680",36680,0.4,"Ideal","D","SI1",62.5,55,950,4.73,4.71,2.95
"45250",45250,0.43,"Premium","D","VVS1",59.6,58,1659,4.94,4.89,2.93
"39133",39133,0.41,"Ideal","G","VS2",62.7,56,1061,4.77,4.74,2.98
"48876",48876,0.71,"Very Good","F","SI2",63.3,56,2036,5.68,5.73,3.61
"19287",19287,1,"Premium","G","VVS1",62.1,59,8008,6.29,6.4,3.94
"12817",12817,1.01,"Premium","F","SI1",59.8,60,5345,6.57,6.53,3.92
"3368",3368,0.27,"Very Good","E","VS1",63.8,60,407,4.03,4.09,2.59
"34110",34110,0.38,"Good","D","VS1",63.4,55,853,4.61,4.64,2.93
"16958",16958,1.02,"Premium","F","VS2",62.4,59,6773,6.45,6.4,4.01
"25330",25330,1.59,"Ideal","H","VS1",61.8,56,14031,7.49,7.53,4.64
"24524",24524,2.29,"Fair","J","SI1",56.8,66,12811,8.79,8.69,4.96
"34450",34450,0.4,"Premium","G","SI1",61.7,61,864,4.68,4.63,2.87
"3306",3306,0.8,"Ideal","F","VS2",62.7,54,3369,5.95,5.91,3.72
"1833",1833,0.7,"Very Good","E","VS1",61.1,55,3061,5.72,5.77,3.51
"28894",28894,0.3,"Premium","G","VVS2",62,60,684,4.25,4.33,2.66
"23121",23121,1.68,"Ideal","D","SI2",62.7,55,11147,7.45,7.58,4.71
"26663",26663,2.1,"Very Good","H","SI2",63,57,16479,8.08,8.13,5.11
"41058",41058,0.52,"Very Good","E","SI2",62.6,58,1190,5.11,5.14,3.21
"3557",3557,0.92,"Very Good","H","SI2",62.8,59,3417,6.14,6.16,3.86
"9327",9327,1,"Premium","E","SI2",62.7,58,4579,6.41,6.34,4
"46462",46462,0.71,"Good","I","SI1",63.6,63,1774,5.64,5.61,3.58
"2561",2561,0.7,"Premium","D","VVS2",61.5,60,3210,5.71,5.64,3.49
"25688",25688,0.36,"Premium","D","SI2",63,59,643,4.52,4.49,2.84
"12845",12845,1.25,"Ideal","G","SI2",61.6,57,5355,6.98,6.91,4.28
"14095",14095,0.91,"Ideal","D","SI1",60.6,56,5717,6.27,6.3,3.81
"51885",51885,0.8,"Ideal","G","SI2",62.1,57,2429,5.95,6.03,3.72
"19040",19040,0.3,"Ideal","F","VS1",62.5,57,621,4.26,4.28,2.67
"12533",12533,1.12,"Premium","H","SI1",62.2,60,5266,6.59,6.65,4.12
"40947",40947,0.3,"Good","F","SI1",63.6,55,500,4.28,4.33,2.74
"29146",29146,0.31,"Ideal","E","VS1",61.8,55,692,4.36,4.38,2.7
"8873",8873,1.04,"Premium","E","SI2",59.2,58,4484,6.64,6.7,3.95
"35179",35179,0.31,"Ideal","G","IF",61.8,54,891,4.36,4.38,2.7
"45556",45556,0.51,"Ideal","F","VS2",63.2,57,1687,5.08,5.05,3.2
"12134",12134,1.02,"Premium","H","VS2",61.9,57,5171,6.5,6.4,3.99
"52833",52833,0.7,"Ideal","F","VS2",62.8,56,2573,5.7,5.67,3.57
"50132",50132,0.63,"Very Good","D","SI1",63.1,58,2211,5.49,5.44,3.45
"1218",1218,0.73,"Ideal","F","VS2",62.7,58,2939,5.72,5.77,3.6
"24289",24289,1.75,"Ideal","I","VS2",61.6,55,12531,7.72,7.77,4.77
"37798",37798,0.41,"Ideal","G","VVS1",61.8,55,1000,4.76,4.79,2.95
"23569",23569,1.5,"Good","G","VS2",63.3,62,11577,7.08,7.2,4.52
"50924",50924,0.7,"Premium","F","SI1",60.2,58,2319,5.76,5.7,3.45
"25369",25369,0.28,"Ideal","F","VVS2",61.8,56,642,4.22,4.26,2.62
"47905",47905,0.52,"Ideal","D","VS1",62.1,57,1914,5.13,5.2,3.21
"37530",37530,0.5,"Good","I","VS2",64.6,59,987,4.9,4.95,3.18
"44972",44972,0.32,"Ideal","H","VS2",61.2,56,523,4.42,4.44,2.71
"4107",4107,0.78,"Ideal","F","VS1",61.6,56,3537,5.9,5.92,3.64
"35385",35385,0.41,"Premium","G","VS1",60.2,59,899,4.79,4.84,2.9
"50994",50994,0.31,"Very Good","E","SI1",62.8,57,544,4.32,4.34,2.72
"18694",18694,0.29,"Ideal","E","VS1",61.2,56,619,4.27,4.29,2.61
"29306",29306,0.25,"Ideal","G","VS1",62,54,438,4.06,4.07,2.52
"1548",1548,0.71,"Premium","D","VS2",62.1,60,3002,5.68,5.72,3.54
"32121",32121,0.42,"Very Good","D","SI1",62.3,58,784,4.8,4.83,3
"40748",40748,0.47,"Ideal","G","SI1",60.8,56,1163,5,5.03,3.05
"32493",32493,0.39,"Ideal","E","VS2",61.4,56,796,4.68,4.74,2.89
"14176",14176,1.01,"Ideal","E","SI1",59.8,60,5751,6.56,6.48,3.9
"41078",41078,0.41,"Premium","F","VVS2",61,59,1192,4.83,4.77,2.93
"39905",39905,0.49,"Premium","H","VS2",59.5,62,1103,5.14,5.12,3.05
"28429",28429,0.3,"Ideal","D","VS2",60.6,58,670,4.31,4.33,2.62
"14618",14618,1.2,"Premium","H","SI1",62.4,59,5899,6.73,6.7,4.19
"8452",8452,1.07,"Premium","H","SI2",61.2,60,4413,6.53,6.57,4.01
"50",50,0.29,"Very Good","H","SI2",60.7,60,404,4.33,4.37,2.64
"16182",16182,1,"Premium","F","VS2",62.4,60,6468,6.38,6.35,3.97
"15776",15776,1.12,"Ideal","H","VS1",61.9,57,6309,6.66,6.69,4.13
"24480",24480,1.1,"Ideal","E","VVS1",61.1,56,12748,6.69,6.73,4.1
"44660",44660,0.35,"Premium","D","SI2",60.8,58,522,4.51,4.57,2.76
"2314",2314,0.87,"Fair","I","VS2",57.3,59,3166,6.29,6.44,3.65
"11052",11052,0.28,"Very Good","E","VVS2",63.6,56,596,4.13,4.17,2.64
"31768",31768,0.32,"Ideal","G","VS1",60.7,56,773,4.46,4.43,2.7
"39832",39832,0.5,"Premium","E","SI2",61,62,1097,5.13,5.09,3.12
"16216",16216,1.33,"Ideal","H","SI2",62.7,57,6480,7.05,6.98,4.4
"39787",39787,0.39,"Premium","G","VVS1",59.9,59,1095,4.73,4.75,2.84
"16294",16294,1,"Very Good","E","VS2",62.6,60,6518,6.35,6.4,3.99
"45960",45960,0.56,"Premium","D","SI1",61.4,58,1723,5.29,5.33,3.26
"10263",10263,1.01,"Ideal","E","SI2",61.2,54,4751,6.52,6.49,3.98
"53690",53690,0.55,"Ideal","F","VVS1",60.6,57,2716,5.33,5.36,3.24
"12849",12849,0.9,"Good","E","VS1",59.3,56,5356,6.27,6.32,3.73
"37057",37057,0.43,"Ideal","I","VVS1",62.2,57,968,4.84,4.81,3
"39227",39227,0.38,"Ideal","D","VS1",62,55,1067,4.64,4.68,2.89
"3088",3088,0.74,"Ideal","E","VS2",61.7,56,3315,5.86,5.81,3.6
"10271",10271,1.01,"Fair","D","SI1",66.9,54,4751,6.25,6.21,4.17
"37980",37980,0.51,"Very Good","J","VS2",61.6,58,1008,5.09,5.14,3.15
"627",627,0.7,"Premium","H","VVS1",59.2,60,2840,5.87,5.78,3.45
"18773",18773,1.03,"Premium","E","VS1",61.4,58,7677,6.52,6.58,4.02
"11772",11772,1.2,"Very Good","J","SI1",62.5,58,5082,6.74,6.79,4.23
"25860",25860,2.27,"Premium","I","SI2",62.5,59,14937,8.45,8.39,5.26
"51230",51230,0.72,"Premium","G","SI1",62.8,60,2352,5.78,5.68,3.6
"8459",8459,1.03,"Premium","G","SI2",59.9,60,4413,6.56,6.5,3.91
"24854",24854,1.7,"Premium","G","SI1",61.7,58,13256,7.69,7.6,4.72
"12180",12180,1.02,"Good","E","SI1",63.2,61,5183,6.31,6.37,4.01
"32276",32276,0.3,"Premium","G","VVS1",60.7,58,789,4.34,4.36,2.64
"31896",31896,0.3,"Premium","G","VS1",61.8,60,776,4.32,4.29,2.66
"40919",40919,0.39,"Ideal","E","VVS1",60.4,56,1179,4.76,4.78,2.88
"52131",52131,0.73,"Ideal","E","SI2",62.1,56,2467,5.74,5.79,3.58
"2502",2502,0.71,"Ideal","E","VS1",62.3,56,3198,5.66,5.7,3.54
"18096",18096,1.42,"Premium","H","SI2",61.6,58,7316,7.22,7.17,4.43
"45190",45190,0.51,"Ideal","G","VS1",62.5,57,1656,5.07,5.14,3.19
"40362",40362,0.43,"Ideal","D","VS2",61.8,56,1129,4.83,4.81,2.98
"8754",8754,1.03,"Very Good","G","SI2",61.4,54,4466,6.52,6.57,4.02
"31055",31055,0.38,"Ideal","E","VS2",61.9,57,751,4.61,4.66,2.87
"10465",10465,1.08,"Fair","E","SI1",53.8,63,4790,6.99,6.81,3.71
"48287",48287,0.53,"Ideal","E","VS2",62.3,57,1956,5.23,5.19,3.25
"22100",22100,1.28,"Ideal","G","VS1",62.1,57,10126,6.91,6.94,4.3
"28929",28929,0.3,"Very Good","G","VVS2",62.1,59,684,4.23,4.27,2.64
"20976",20976,1.53,"Ideal","I","VS2",62.3,57,9189,7.3,7.35,4.56
"35661",35661,0.31,"Good","G","VVS2",63.8,56,907,4.28,4.24,2.72
"25748",25748,1.51,"Premium","F","VS2",61.6,58,14683,7.32,7.35,4.52
"32133",32133,0.41,"Premium","F","SI2",60.9,58,784,4.82,4.8,2.93
"25873",25873,1.8,"Ideal","H","VS1",62.3,56,14968,7.76,7.79,4.84
"21468",21468,1.22,"Ideal","F","VS2",60.7,57,9568,6.89,6.94,4.2
"39334",39334,0.3,"Premium","G","IF",58.4,62,1071,4.43,4.4,2.58
"3299",3299,0.76,"Very Good","H","IF",62.6,57,3367,5.8,5.83,3.64
"14600",14600,1.24,"Ideal","F","SI2",61.7,57,5889,6.95,6.88,4.27
"23139",23139,1.5,"Ideal","H","VS2",62.8,57,11159,7.3,7.25,4.57
"48448",48448,0.7,"Premium","H","SI2",61,59,1974,5.76,5.71,3.5
"30312",30312,0.31,"Ideal","E","VS1",62.1,54.2,726,4.31,4.35,2.69
"42920",42920,0.53,"Ideal","F","SI1",62.9,57,1363,5.18,5.15,3.25
"37167",37167,0.32,"Ideal","D","VS2",62,55,972,4.42,4.38,2.73
"53526",53526,0.74,"Very Good","G","SI1",61.6,58,2690,5.78,5.81,3.57
"3877",3877,0.83,"Ideal","F","SI1",62.8,56,3482,5.97,6.01,3.76
"2750",2750,0.76,"Ideal","H","VVS2",61,56,3249,5.85,5.91,3.59
"39750",39750,0.5,"Premium","H","SI1",62.3,59,1094,5.02,4.99,3.12
"36243",36243,0.54,"Ideal","I","SI2",60.9,57,935,5.26,5.31,3.22
"7516",7516,1.01,"Good","H","SI1",60.6,61,4242,6.35,6.39,3.86
"7514",7514,0.9,"Good","F","SI1",61.8,63,4241,6.21,6.18,3.83
"31316",31316,0.32,"Premium","D","VS2",61.7,58,758,4.34,4.38,2.69
"21212",21212,1.29,"Premium","G","VS1",62.4,58,9354,6.89,6.86,4.29
"25570",25570,1.12,"Ideal","E","VVS1",61.5,56,14407,6.7,6.76,4.13
"17906",17906,1.26,"Ideal","G","SI1",61.3,57,7230,6.94,6.99,4.27
"20624",20624,1.04,"Ideal","G","IF",62.1,54,8921,6.53,6.55,4.06
"35938",35938,0.41,"Very Good","D","SI1",60.3,63,920,4.8,4.78,2.89
"34724",34724,0.5,"Ideal","J","VS2",61.7,57,875,5.09,5.12,3.15
"28209",28209,0.4,"Good","I","VS2",63.8,54,666,4.68,4.72,3
"20339",20339,1.52,"Premium","D","SI2",60.2,60,8737,7.4,7.46,4.47
"21816",21816,1.34,"Ideal","G","VS1",62.7,57,9890,7.04,7.1,4.43
"22921",22921,1.55,"Ideal","H","SI1",62.4,58,10960,7.38,7.4,4.61
"23664",23664,1.57,"Premium","G","VS2",62.7,60,11711,7.46,7.38,4.65
"10450",10450,1.14,"Premium","I","SI1",62.2,58,4788,6.7,6.67,4.16
"53265",53265,0.7,"Premium","G","VS1",62.2,57,2648,5.69,5.66,3.53
"40969",40969,0.51,"Good","D","SI2",63.9,55,1180,5.04,5.1,3.24
"27847",27847,0.3,"Ideal","D","VS1",62.2,56,651,4.27,4.31,2.67
"49236",49236,0.62,"Fair","F","VS1",60,64,2083,5.69,5.48,3.36
"42251",42251,0.37,"Ideal","D","VVS1",62,56,1292,4.6,4.59,2.85
"39462",39462,0.53,"Ideal","F","SI2",62.4,54,1078,5.19,5.22,3.25
"36235",36235,0.3,"Ideal","D","VVS1",61.8,55,933,4.33,4.35,2.68
"24439",24439,1.5,"Good","F","VS2",60.2,58,12693,7.31,7.35,4.41
"9703",9703,0.32,"Ideal","D","SI1",62.6,55,589,4.36,4.39,2.74
"19504",19504,1.7,"Good","J","VS2",63.6,59,8134,7.53,7.48,4.77
"50545",50545,0.79,"Premium","H","SI1",61.8,59,2275,5.97,5.91,3.67
"12928",12928,1.01,"Good","E","SI1",64.3,59,5379,6.23,6.28,4.02
"53175",53175,0.71,"Very Good","G","VS1",64,56,2630,5.65,5.67,3.62
"30354",30354,0.33,"Ideal","D","SI1",62,56,728,4.47,4.44,2.76
"2169",2169,0.82,"Ideal","G","SI1",61.8,55,3133,6.02,6.05,3.73
"43131",43131,0.52,"Premium","E","SI1",60.9,58,1387,5.21,5.17,3.16
"18401",18401,1.45,"Ideal","J","VS2",61.9,59,7477,7.16,7.21,4.45
"14775",14775,1.01,"Premium","G","VS2",61.8,59,5946,6.45,6.4,3.97
"26600",26600,2.02,"Premium","G","SI1",62.3,61,16323,8.07,7.96,4.99
"41148",41148,0.39,"Ideal","D","VS2",61.4,56,1197,4.71,4.73,2.9
"4647",4647,0.9,"Very Good","G","SI1",63.1,59,3669,6.15,6.11,3.87
"26959",26959,2.5,"Very Good","J","SI1",62.8,57,17028,8.58,8.65,5.41
"42130",42130,0.58,"Ideal","F","SI2",61.8,56,1279,5.42,5.39,3.34
"12227",12227,1.25,"Good","I","SI2",63.3,55.8,5197,6.83,6.87,4.34
"30620",30620,0.34,"Very Good","G","SI2",62.8,58,447,4.43,4.46,2.79
"37065",37065,0.43,"Premium","F","VS2",61,57,968,4.87,4.84,2.96
"14509",14509,1.01,"Premium","D","SI1",61.5,59,5860,6.46,6.39,3.95
"45028",45028,0.54,"Premium","G","VS2",62.7,58,1637,5.19,5.15,3.24
"43478",43478,0.51,"Very Good","D","SI1",59.4,59,1420,5.18,5.22,3.09
"34990",34990,0.34,"Ideal","D","VS2",61.6,55,881,4.54,4.48,2.78
"22886",22886,1.5,"Very Good","E","SI1",59.3,56,10929,7.43,7.51,4.43
"17137",17137,1.06,"Premium","E","VS2",62.3,58,6838,6.52,6.49,4.05
"15199",15199,1.01,"Very Good","G","VS2",61.9,56,6105,6.34,6.42,3.95
"17503",17503,1.02,"Ideal","F","VS2",62.8,57,7037,6.41,6.36,4.01
"21961",21961,1.66,"Premium","G","SI2",59.1,58,10030,7.77,7.69,4.57
"594",594,0.71,"Ideal","F","SI1",59.8,53,2838,5.86,5.82,3.49
"23275",23275,1.58,"Ideal","E","SI1",61.4,55,11294,7.53,7.5,4.61
"34721",34721,0.39,"Very Good","G","VVS2",62.1,55,875,4.67,4.7,2.91
"46630",46630,0.3,"Very Good","E","SI1",60.6,56,526,4.35,4.37,2.64
"16966",16966,1.22,"Premium","H","SI1",61.8,57,6776,6.86,6.82,4.23
"23742",23742,2,"Very Good","J","SI2",61.9,55,11792,8.06,8.09,5
"38831",38831,0.43,"Ideal","E","VS2",62,57,1048,4.85,4.82,3
"25286",25286,2.18,"Premium","J","SI1",62.9,59,13938,8.25,8.21,5.18
"15762",15762,1.16,"Very Good","F","SI1",63.4,55,6301,6.73,6.65,4.24
"50567",50567,0.7,"Very Good","F","SI1",63.1,54,2278,5.64,5.67,3.57
"21996",21996,1.51,"Premium","H","SI1",58,59,10063,7.57,7.54,4.38
"45658",45658,0.3,"Very Good","E","SI1",59.7,59.9,526,4.36,4.4,2.61
"2342",2342,0.83,"Ideal","H","VS2",61.6,55,3171,6.04,6.08,3.73
"3287",3287,0.91,"Premium","H","SI2",62.7,58,3363,6.17,6.14,3.86
"52742",52742,0.81,"Premium","E","SI2",59.9,61,2559,6.08,6.05,3.63
"36415",36415,0.31,"Ideal","D","VS2",61.8,56,942,4.36,4.32,2.68
"12978",12978,0.91,"Good","G","SI1",57.7,58,5394,6.33,6.4,3.67
"28690",28690,0.26,"Very Good","F","VVS1",60.8,58,679,4.11,4.18,2.52
"38076",38076,0.36,"Premium","F","VS1",60.7,58,1013,4.62,4.57,2.79
"851",851,0.83,"Ideal","E","SI2",62.2,57,2870,6,6.05,3.75
"12823",12823,1.02,"Premium","G","VS2",61.5,59,5346,6.45,6.4,3.95
"39946",39946,0.24,"Good","E","VVS2",65,58,492,3.85,3.9,2.52
"8047",8047,0.25,"Ideal","G","VVS1",62.6,55,582,4.03,4.04,2.52
"2240",2240,0.78,"Ideal","E","SI1",62.1,58,3146,5.86,5.9,3.65
"52584",52584,0.97,"Fair","J","SI2",60.8,67,2538,6.41,6.32,3.87
"38877",38877,0.4,"Premium","D","VS2",60.5,59,1050,4.8,4.76,2.89
"12289",12289,1.02,"Very Good","H","VS2",62.5,56,5217,6.42,6.45,4.02
"23011",23011,0.35,"Premium","E","SI2",61.5,59,630,4.56,4.52,2.79
"16205",16205,1.21,"Ideal","G","VS2",61.7,56,6478,6.85,6.83,4.22
"29777",29777,0.3,"Premium","I","VVS1",62.8,59,709,4.29,4.24,2.68
"50763",50763,0.75,"Very Good","I","SI1",63.7,56,2300,5.73,5.77,3.66
"50586",50586,0.56,"Ideal","F","VVS2",62.3,54,2281,5.29,5.34,3.31
"15822",15822,1.01,"Premium","F","VS2",60.8,58,6330,6.44,6.49,3.93
"49739",49739,0.77,"Very Good","J","VS2",62.9,58,2155,5.83,5.87,3.68
"25460",25460,1.55,"Ideal","F","SI1",61.9,55,14220,7.47,7.42,4.61
"37970",37970,0.41,"Ideal","F","VS1",62.7,55,1007,4.74,4.77,2.98
"41641",41641,0.4,"Ideal","H","IF",62.7,57,1238,4.7,4.68,2.94
"39898",39898,0.42,"Ideal","D","VS2",61.4,56,1103,4.84,4.8,2.96
"45849",45849,0.71,"Good","I","SI1",64.2,57,1715,5.59,5.57,3.58
"17933",17933,1.2,"Ideal","G","VS2",62.8,57,7243,6.78,6.72,4.24
"15630",15630,1.01,"Premium","F","VS2",62.7,58,6271,6.37,6.3,3.97
"42845",42845,0.41,"Ideal","F","VVS1",61.7,57,1356,4.8,4.77,2.95
"10446",10446,1.01,"Ideal","E","SI2",62.2,56,4788,6.42,6.45,4
"22268",22268,1.23,"Ideal","G","VVS2",62.2,55,10317,6.86,6.9,4.28
"37531",37531,0.47,"Good","E","SI1",60.2,64,987,5.1,5.04,3.05
"38562",38562,0.35,"Ideal","D","VS1",61.2,56,1035,4.54,4.58,2.79
"37849",37849,0.33,"Ideal","E","VS1",62.6,57,1002,4.42,4.4,2.76
"1392",1392,0.24,"Ideal","G","VVS1",62,56,559,3.97,4.01,2.47
"19200",19200,1,"Very Good","G","VVS2",62.7,57,7950,6.32,6.37,3.98
"21571",21571,1.51,"Good","D","SI1",64.1,62,9674,7.21,7.15,4.6
"8814",8814,1.02,"Very Good","H","SI1",60.3,59,4476,6.44,6.5,3.9
"14000",14000,1.19,"Premium","H","SI1",60.8,59,5698,6.87,6.84,4.17
"18662",18662,1.06,"Premium","G","VVS2",62.4,55,7627,6.54,6.5,4.07
"1059",1059,0.31,"Premium","I","VS2",59.8,60,558,4.42,4.38,2.63
"26624",26624,2.04,"Very Good","G","SI2",59.9,58,16389,8.26,8.31,4.96
"32662",32662,0.31,"Premium","H","VVS2",61.9,58,802,4.33,4.3,2.67
"45982",45982,0.3,"Very Good","H","VS1",62.9,54,526,4.28,4.31,2.7
"15116",15116,1.13,"Ideal","H","SI1",61.5,56,6075,6.69,6.71,4.12
"2216",2216,0.8,"Very Good","H","VS1",62.7,56,3144,5.88,5.96,3.71
"26255",26255,2,"Good","I","VS1",58.8,65,15708,8.03,8.1,4.74
"6815",6815,1.01,"Fair","E","SI2",64.7,55,4118,6.37,6.3,4.1
"43901",43901,0.29,"Ideal","H","VVS2",61.7,56,511,4.29,4.33,2.66
"15287",15287,1.24,"Very Good","I","VS2",60,58,6134,6.98,7.03,4.2
"23066",23066,2.07,"Premium","H","SI2",59.6,60,11094,8.3,8.24,4.93
"21304",21304,1.58,"Ideal","I","SI1",62.3,55,9457,7.42,7.49,4.64
"9056",9056,0.34,"Ideal","I","SI1",62.8,57,589,4.45,4.43,2.79
"7672",7672,1,"Very Good","H","SI2",59.7,58,4273,6.48,6.55,3.89
"28476",28476,0.32,"Ideal","G","VS2",62.4,55,672,4.39,4.36,2.73
"3924",3924,0.81,"Ideal","H","VVS2",62,57,3497,5.93,5.97,3.69
"18663",18663,1.5,"Ideal","H","SI1",61.6,57,7627,7.34,7.24,4.49
"7790",7790,0.92,"Premium","G","VS2",61.6,62,4287,6.3,6.24,3.86
"46268",46268,0.54,"Ideal","E","VS2",62.2,55,1754,5.21,5.24,3.25
"4271",4271,0.71,"Ideal","D","VS1",61.5,58,3582,5.75,5.77,3.54
"21860",21860,1.23,"Ideal","G","VVS2",62.2,56.1,9921,6.8,6.87,4.25
"15249",15249,1.03,"Ideal","H","VS2",61.2,56,6123,6.5,6.53,3.98
"36516",36516,0.3,"Premium","F","VVS2",61.1,59,945,4.32,4.29,2.63
"36025",36025,0.35,"Ideal","F","VS1",61.4,55,923,4.54,4.58,2.8
"9385",9385,0.32,"Ideal","D","SI1",61.5,56,589,4.39,4.42,2.71
"43463",43463,0.56,"Ideal","I","VS2",62.2,57,1417,5.27,5.28,3.28
"52110",52110,0.7,"Good","D","SI2",59.3,60,2461,5.74,5.8,3.42
"24509",24509,1.5,"Fair","G","VS2",64.4,56,12787,7.16,7.09,4.59
"52102",52102,0.69,"Ideal","F","SI1",61.3,55,2459,5.72,5.74,3.51
"37919",37919,0.41,"Ideal","F","VS1",60.6,57,1007,4.79,4.84,2.92
"13362",13362,0.24,"Very Good","F","VS2",62.9,58,419,3.94,4.01,2.5
"34169",34169,0.33,"Premium","G","VS1",60.8,59,854,4.45,4.43,2.7
"41389",41389,0.42,"Ideal","F","VVS2",60.6,57,1221,4.85,4.82,2.93
"2783",2783,0.9,"Ideal","J","VS2",62.5,57,3255,6.16,6.26,3.88
"30585",30585,0.31,"Ideal","D","VS2",61.5,56,734,4.34,4.37,2.68
"35806",35806,0.31,"Ideal","F","IF",61.2,56,914,4.37,4.39,2.68
"35782",35782,0.32,"Ideal","F","VVS1",61.4,56,912,4.4,4.43,2.71
"22220",22220,1.51,"Good","H","SI1",61.5,61,10277,7.29,7.34,4.5
"39190",39190,0.35,"Ideal","D","VS2",62.4,57,1063,4.56,4.51,2.83
"31154",31154,0.41,"Premium","E","SI1",61,59,755,4.78,4.82,2.93
"4120",4120,0.9,"Very Good","G","SI2",62.4,55,3539,6.13,6.17,3.84
"46811",46811,0.51,"Premium","D","VS2",62,59,1807,5.12,5.08,3.16
"599",599,0.7,"Premium","F","VS2",61.7,58,2838,5.69,5.63,3.49
"26767",26767,2.45,"Ideal","F","SI2",62,55,16589,8.67,8.64,5.36
"36878",36878,0.42,"Ideal","E","VS2",62.1,56,958,4.77,4.8,2.97
"1427",1427,0.7,"Ideal","G","VS1",61.7,56,2972,5.64,5.71,3.5
"37452",37452,0.35,"Premium","E","VS2",59.5,58,984,4.62,4.59,2.74
"9643",9643,1.1,"Premium","D","SI2",62.4,58,4640,6.57,6.6,4.11
"43742",43742,0.51,"Good","H","VS1",63.7,55,1438,5.07,5.1,3.24
"36718",36718,0.42,"Very Good","G","VVS2",61.2,56,954,4.84,4.86,2.97
"34837",34837,0.3,"Premium","H","VVS1",62.6,60,878,4.26,4.21,2.65
"12038",12038,0.4,"Very Good","I","SI1",59.8,57,596,4.8,4.83,2.88
"43701",43701,0.5,"Very Good","F","VS2",61.5,61,1436,5.09,5.12,3.14
"51723",51723,0.7,"Ideal","F","SI1",61.8,55,2401,5.71,5.75,3.54
"53909",53909,0.7,"Very Good","E","SI1",61.2,57,2753,5.68,5.73,3.49
"44793",44793,0.5,"Very Good","E","VS2",61.1,61,1624,5.11,5.13,3.13
"35418",35418,0.4,"Premium","G","SI1",59.3,59,900,4.82,4.8,2.85
"3728",3728,0.36,"Ideal","H","VS2",62.1,55,568,4.57,4.61,2.85
"6086",6086,0.9,"Good","I","VVS1",62.4,61,3972,6.05,6.09,3.79
"18477",18477,1.08,"Premium","G","VS1",63,59,7523,6.56,6.5,4.11
"36461",36461,0.31,"Ideal","D","VS2",62.9,55,942,4.34,4.31,2.72
"6353",6353,0.9,"Very Good","E","SI1",60.1,58,4034,6.25,6.29,3.77
"28095",28095,0.31,"Premium","F","SI1",60.5,60,663,4.39,4.37,2.65
"14458",14458,1.37,"Very Good","I","SI2",62.2,59,5834,7.07,7.17,4.43
"45232",45232,0.59,"Ideal","E","VS2",61.4,58,1657,5.38,5.4,3.31
"34001",34001,0.42,"Ideal","G","VS2",62.2,54,847,4.8,4.82,2.99
"21262",21262,1.01,"Premium","F","VVS1",62.8,58,9412,6.39,6.35,4
"39340",39340,0.47,"Premium","E","SI2",58.7,60,1072,5.13,5.09,3
"51239",51239,0.7,"Ideal","I","VVS2",62.1,56,2353,5.65,5.71,3.53
"22694",22694,0.32,"Very Good","E","VS1",64,56,630,4.33,4.36,2.78
"17365",17365,1.01,"Very Good","G","VVS2",63.4,55,6968,6.41,6.34,4.04
"30082",30082,0.32,"Ideal","I","VVS2",62.6,54,720,4.41,4.37,2.75
"16236",16236,1.38,"Very Good","J","VS2",62.7,56,6494,7.06,7.11,4.44
"47224",47224,0.51,"Ideal","G","VVS1",60.8,56,1839,5.21,5.22,3.17
"20735",20735,1.01,"Good","E","VVS2",63.3,55,8976,6.36,6.41,4.04
"18463",18463,1.03,"Very Good","G","VS1",61.3,56.1,7511,6.5,6.52,3.99
"17189",17189,1.02,"Fair","F","VVS2",64.8,58,6863,6.22,6.28,4.05
"11335",11335,1,"Good","E","SI1",62.6,61,4989,6.29,6.32,3.95
"41895",41895,0.56,"Very Good","E","SI2",63.5,57,1259,5.24,5.21,3.32
"27484",27484,2.2,"Ideal","G","SI2",62,57,18168,8.31,8.27,5.14
"5170",5170,0.9,"Very Good","H","SI1",61.7,57,3772,6.21,6.26,3.85
"42301",42301,0.51,"Premium","E","SI2",59.5,60,1294,5.25,5.17,3.1
"9875",9875,1.28,"Good","G","SI2",63.6,57,4679,6.78,6.73,4.29
"19384",19384,1.47,"Very Good","J","VVS2",62.6,60,8055,7.17,7.24,4.51
"48961",48961,0.36,"Ideal","D","SI2",62,56,537,4.56,4.6,2.84
"1571",1571,0.71,"Premium","E","VS1",61.1,58,3006,5.8,5.76,3.53
"45573",45573,0.52,"Ideal","E","VS2",61.1,55,1689,5.2,5.27,3.2
"16824",16824,1.2,"Good","H","VS2",63.3,59,6710,6.74,6.78,4.28
"52649",52649,0.24,"Very Good","E","VVS2",61.6,59,552,3.98,4.01,2.46
"18721",18721,1.4,"Very Good","I","SI1",61.3,59,7644,7.19,7.23,4.42
"30017",30017,0.42,"Premium","G","SI1",62.7,59,717,4.72,4.75,2.97
"8691",8691,1.06,"Ideal","G","SI2",62.2,55,4459,6.53,6.56,4.07
"13089",13089,1.29,"Premium","H","SI2",61,57,5418,7.13,6.95,4.31
"22007",22007,1.26,"Premium","F","VS1",62.7,58,10076,6.93,6.86,4.32
"48277",48277,0.53,"Ideal","D","VS2",62.6,56,1956,5.18,5.14,3.23
"10019",10019,1.11,"Ideal","H","SI2",61.4,57,4709,6.63,6.67,4.08
"38451",38451,0.31,"Ideal","E","VVS1",62.4,56,1028,4.37,4.35,2.72
"53244",53244,0.63,"Ideal","F","VS1",62.3,56,2644,5.46,5.49,3.41
"9564",9564,0.91,"Ideal","E","SI1",61.9,55,4623,6.18,6.22,3.84
"18550",18550,1.21,"Premium","H","VS2",59.9,59,7562,6.94,6.92,4.15
"44012",44012,0.51,"Ideal","G","VS2",62.9,54,1546,5.12,5.08,3.21
"51955",51955,0.57,"Ideal","E","VVS2",62.1,54.6,2442,5.31,5.35,3.31
"4456",4456,1.01,"Very Good","J","VS2",63.3,54,3620,6.42,6.34,4.04
"52630",52630,0.37,"Premium","G","SI1",62.1,60,551,4.54,4.61,2.84
"36314",36314,0.32,"Premium","H","VVS1",62.7,57,936,4.41,4.36,2.75
"51795",51795,0.7,"Ideal","F","SI1",62,55,2415,5.72,5.7,3.54
"39438",39438,0.41,"Ideal","D","VS2",62.8,55,1076,4.73,4.7,2.96
"4996",4996,0.7,"Ideal","F","VVS2",61.9,54.8,3741,5.68,5.72,3.53
"8416",8416,1.02,"Very Good","E","SI2",60.7,62,4404,6.44,6.47,3.92
"51789",51789,0.7,"Fair","H","VS1",65.8,56,2415,5.54,5.49,3.63
"38416",38416,0.35,"Very Good","E","IF",57.9,56,1025,4.71,4.75,2.74
"21509",21509,1.62,"Ideal","I","VS2",62.4,57,9604,7.45,7.51,4.67
"6498",6498,0.89,"Ideal","G","VVS2",61.7,55,4062,6.22,6.19,3.83
"15437",15437,1.05,"Premium","G","VS2",62.8,58,6181,6.48,6.44,4.06
"14001",14001,1.19,"Premium","H","SI1",62.7,61,5698,6.73,6.66,4.2
"44049",44049,0.51,"Very Good","E","VS2",60,57,1549,5.15,5.19,3.1
"37461",37461,0.42,"Ideal","H","VVS2",62.4,56,984,4.8,4.78,2.99
"26283",26283,2.14,"Very Good","I","SI1",61.3,61,15769,8.28,8.32,5.09
"4846",4846,0.79,"Ideal","I","VS2",60.9,56,3710,5.97,5.99,3.64
"45872",45872,0.51,"Premium","D","VS2",62,60,1716,5.07,5.12,3.16
"49544",49544,0.7,"Good","F","SI1",63.1,56,2127,5.63,5.66,3.56
"47073",47073,0.52,"Ideal","D","VS2",61.9,57,1822,5.14,5.17,3.19
"30949",30949,0.32,"Premium","H","SI1",61.3,60,449,4.36,4.42,2.69
"39658",39658,0.42,"Premium","H","VS1",61.7,59,1087,4.83,4.76,2.96
"35355",35355,0.42,"Ideal","D","SI2",62.4,57,898,4.81,4.78,2.99
"49421",49421,0.55,"Ideal","E","VS1",61.2,57,2107,5.3,5.28,3.24
"31511",31511,0.34,"Ideal","G","VS2",62.2,57,765,4.47,4.44,2.77
"22556",22556,1.35,"Ideal","D","VS2",61.3,57,10602,7.09,7.13,4.36
"9816",9816,1.09,"Ideal","G","SI2",61.2,57,4670,6.68,6.63,4.07
"3305",3305,0.8,"Very Good","F","VS2",63.2,55,3369,5.9,5.88,3.72
"11191",11191,1.18,"Premium","H","SI2",58.7,60,4956,7.01,6.93,4.09
"23909",23909,1.5,"Premium","F","SI1",62.2,58,12030,7.34,7.29,4.55
"18044",18044,0.35,"Premium","E","SI1",61.2,58,614,4.53,4.59,2.79
"17500",17500,1.51,"Premium","J","SI1",62.3,58,7034,7.3,7.33,4.56
"29440",29440,0.32,"Very Good","F","VVS2",63.8,55,701,4.33,4.39,2.78
"40546",40546,0.45,"Good","D","VS2",63.7,61,1149,4.81,4.73,3.04
"10439",10439,0.91,"Very Good","F","SI1",62.3,58,4785,6.14,6.19,3.84
"45315",45315,0.32,"Ideal","H","VS1",62.7,56,524,4.39,4.42,2.76
"29322",29322,0.31,"Ideal","H","VS1",62.2,57,698,4.37,4.34,2.71
"36708",36708,0.46,"Ideal","J","VVS1",61.8,56,953,4.93,4.97,3.06
"15715",15715,0.36,"Premium","G","SI2",59.3,59,608,4.66,4.62,2.75
"9263",9263,1.01,"Very Good","E","SI2",63.2,59,4561,6.38,6.34,4.02
"47986",47986,0.24,"Very Good","F","VVS2",58,60,533,4.09,4.12,2.38
"42056",42056,0.47,"Ideal","D","VS2",60.3,57,1270,5.02,5.07,3.04
"11263",11263,0.91,"Premium","E","VS1",62.8,60,4969,6.11,6.08,3.83
"28768",28768,0.31,"Premium","E","VS2",60.6,59,680,4.36,4.39,2.65
"36885",36885,0.51,"Good","I","SI1",63.1,56,959,5.06,5.14,3.22
"773",773,0.7,"Ideal","D","VS2",61,57,2859,5.76,5.74,3.51
"50482",50482,0.55,"Ideal","F","VVS2",62,55,2268,5.26,5.29,3.27
"44960",44960,0.58,"Ideal","G","VS2",61.9,56,1636,5.34,5.38,3.32
"45393",45393,0.54,"Very Good","D","SI1",63.2,55,1667,5.21,5.17,3.28
"46031",46031,0.57,"Ideal","G","VS2",61.6,57,1728,5.36,5.32,3.29
"19787",19787,1.64,"Very Good","F","SI2",63.2,57,8357,7.56,7.47,4.75
"51082",51082,0.72,"Very Good","F","SI1",63.1,55,2333,5.75,5.7,3.61
"24378",24378,0.3,"Ideal","G","VVS2",61.1,58,638,4.33,4.35,2.65
"22265",22265,1.15,"Ideal","F","VS1",61.1,55,10316,6.76,6.82,4.15
"52008",52008,0.6,"Ideal","D","VS2",62,55,2444,5.39,5.42,3.35
"43646",43646,0.5,"Premium","D","SI1",60.3,58,1433,5.12,5.1,3.08
"16676",16676,1.01,"Very Good","E","VS2",61.9,55,6666,6.38,6.44,3.97
"9633",9633,0.92,"Premium","E","SI1",61.7,57,4637,6.32,6.2,3.86
"30612",30612,0.3,"Good","D","SI2",63.4,56,447,4.26,4.29,2.71
"16300",16300,1.01,"Very Good","E","VS2",62.2,58,6522,6.36,6.41,3.97
"5698",5698,1,"Good","E","SI2",63.7,61,3889,6.32,6.27,4.01
"15416",15416,1.05,"Premium","D","SI1",59.3,58,6174,6.74,6.68,3.98
"29304",29304,0.3,"Ideal","I","VS2",62,55,438,4.3,4.35,2.68
"23328",23328,1.28,"Ideal","G","IF",60.8,57,11372,7.02,7.05,4.28
"47389",47389,0.54,"Ideal","E","VS2",62.2,55,1847,5.24,5.21,3.25
"45123",45123,0.52,"Premium","D","SI1",61.5,55,1651,5.21,5.19,3.2
"16380",16380,0.29,"Very Good","E","VVS1",59.5,61,609,4.29,4.31,2.56
"46751",46751,0.51,"Good","G","VVS2",63.3,58,1800,5.04,5.07,3.2
"37177",37177,0.32,"Ideal","D","VS2",62.6,55,972,4.39,4.37,2.74
"5342",5342,1.02,"Good","F","SI2",63.3,61,3811,6.28,6.32,3.99
"16965",16965,1.1,"Very Good","E","VS2",61.9,55,6776,6.61,6.67,4.11
"36050",36050,0.31,"Very Good","G","IF",61.6,55,924,4.38,4.42,2.71
"31408",31408,0.3,"Ideal","G","VVS1",61.8,56,764,4.32,4.36,2.68
"53253",53253,0.72,"Premium","G","VS1",62.3,61,2646,5.73,5.66,3.55
"46732",46732,0.55,"Very Good","D","VS2",62.2,60,1796,5.2,5.25,3.25
"6403",6403,1.01,"Ideal","G","SI2",61.2,57,4038,6.45,6.4,3.92
"32934",32934,0.41,"Ideal","G","VS2",61.7,54,811,4.78,4.81,2.96
"26446",26446,2.02,"Premium","H","VS2",61.3,60,15987,8.16,8.11,4.99
"25083",25083,1.7,"Ideal","G","VS1",62.9,57,13605,7.59,7.52,4.75
"53645",53645,0.73,"Premium","E","SI1",62.7,58,2703,5.76,5.7,3.59
"17641",17641,1.24,"Very Good","G","SI1",61.8,58,7106,6.9,6.96,4.28
"12194",12194,1.01,"Ideal","H","SI1",62.1,59,5189,6.38,6.43,3.98
"53070",53070,0.75,"Ideal","E","SI2",61.7,55,2609,5.9,5.86,3.63
"15929",15929,1.1,"Very Good","G","VS2",61.9,57,6369,6.59,6.65,4.1
"48788",48788,0.62,"Very Good","D","VS2",59,59,2022,5.59,5.66,3.32
"5863",5863,0.88,"Premium","F","VS1",60.7,55,3921,6.28,6.22,3.79
"22137",22137,1.2,"Premium","G","IF",59.4,61,10169,6.95,6.92,4.12
"22911",22911,1.51,"Premium","G","SI1",62.7,58,10951,7.3,7.25,4.56
"16170",16170,1.34,"Very Good","G","SI2",62.2,56,6463,7,7.08,4.38
"18084",18084,1.5,"Good","J","VS2",63.6,58,7308,7.23,7.2,4.59
"34994",34994,0.46,"Ideal","F","SI2",61.4,56,881,4.97,5,3.06
"11466",11466,1.09,"Good","H","SI1",63.6,56,5010,6.56,6.53,4.16
"19259",19259,1.55,"Ideal","J","SI1",61.7,54,7987,7.47,7.5,4.62
"26067",26067,2.11,"Fair","I","SI1",67.2,60,15282,7.86,7.8,5.26
"52558",52558,0.7,"Premium","G","VS1",62.6,60,2535,5.66,5.58,3.52
"48462",48462,0.56,"Ideal","G","VVS2",61.6,56,1976,5.29,5.32,3.27
"38564",38564,0.5,"Ideal","H","SI1",61.7,58,1035,5.07,5.11,3.14
"27444",27444,2.11,"Very Good","F","SI2",63.5,55,18071,8.08,8.13,5.15
"1516",1516,0.91,"Fair","F","SI2",65.3,51,2996,6.05,5.98,3.93
"14128",14128,1.13,"Premium","H","VS2",61.7,56,5728,6.73,6.65,4.13
"32675",32675,0.31,"Ideal","G","VS1",62.5,57,802,4.37,4.34,2.72
"21813",21813,1.24,"Very Good","F","VS1",59,60,9885,7,7.07,4.15
"52331",52331,0.73,"Premium","I","VVS2",61.5,58,2496,5.73,5.78,3.54
"36377",36377,0.37,"Premium","D","VS1",61.9,58,941,4.56,4.62,2.84
"34120",34120,0.38,"Ideal","E","VS2",62,56,853,4.62,4.66,2.88
"26548",26548,2.01,"Good","F","SI2",64.1,57,16231,7.82,7.78,5
"45376",45376,0.7,"Very Good","I","VS2",62.2,59,1666,5.64,5.71,3.53
"6170",6170,0.9,"Very Good","I","VS2",59.3,59,3992,6.27,6.3,3.73
"14586",14586,1.05,"Premium","H","VS1",60.1,57,5886,6.62,6.59,3.97
"26209",26209,1.89,"Very Good","D","SI2",62.7,58,15594,7.75,7.81,4.88
"31591",31591,0.3,"Ideal","J","SI1",62.3,57,367,4.27,4.3,2.67
"26953",26953,1.75,"Premium","F","VS2",61.4,58,17017,7.72,7.76,4.75
"48920",48920,0.7,"Very Good","J","VVS1",63.3,55,2042,5.63,5.68,3.58
"42606",42606,0.32,"Premium","H","VS2",60.7,60,505,4.39,4.41,2.67
"7445",7445,0.9,"Premium","F","SI1",59.9,59,4232,6.26,6.29,3.76
"25844",25844,1.71,"Very Good","H","VVS2",61.2,62,14893,7.59,7.65,4.66
"14465",14465,1.12,"Ideal","H","SI1",61.8,56,5838,6.67,6.69,4.13
"25042",25042,0.3,"Ideal","F","SI1",62.3,54,641,4.3,4.27,2.67
"23117",23117,1.31,"Ideal","G","VVS1",61.1,57,11146,7.01,7.06,4.3
"6037",6037,0.25,"Ideal","F","VVS1",60.9,57,575,4.06,4.09,2.48
"26640",26640,2.03,"Very Good","E","SI2",63.7,58,16412,7.91,7.94,5.05
"15474",15474,1,"Very Good","D","SI1",60.3,58,6196,6.44,6.49,3.9
"28650",28650,0.31,"Very Good","I","VS2",62.3,57,435,4.32,4.35,2.7
"9529",9529,1.01,"Very Good","H","SI1",60.2,60,4617,6.5,6.48,3.91
"8189",8189,1.04,"Ideal","H","SI2",61.8,55,4368,6.54,6.5,4.03
"27831",27831,0.31,"Very Good","G","VVS2",62.2,56,651,4.31,4.34,2.69
"12991",12991,1.02,"Ideal","G","SI1",61.5,57,5398,6.54,6.44,3.99
"28671",28671,0.24,"Ideal","F","VVS2",61.7,55,678,3.99,4.02,2.47
"3926",3926,0.74,"Ideal","E","SI1",60.8,56,3497,5.85,5.89,3.57
"41515",41515,0.44,"Ideal","D","VS1",61.3,56,1235,4.87,4.92,3
"40798",40798,0.43,"Ideal","F","VVS2",62.2,55,1169,4.83,4.85,3.01
"39262",39262,0.38,"Ideal","E","VS1",61.6,56,1069,4.66,4.62,2.86
"8085",8085,1.01,"Premium","D","SI2",62.6,60,4338,6.4,6.37,4
"23774",23774,1.22,"Premium","F","VVS1",61.9,58,11830,6.85,6.81,4.23
"16419",16419,1.17,"Ideal","H","VS2",62.4,58,6558,6.73,6.71,4.19
"12743",12743,0.91,"Good","F","VVS2",64,61,5317,6.06,6.13,3.9
"32795",32795,0.31,"Ideal","D","VS2",60.2,56,804,4.46,4.41,2.67
"6997",6997,1,"Good","F","SI2",63.8,58,4155,6.33,6.28,4.02
"25657",25657,2.01,"Premium","I","SI1",60.1,59,14558,8.24,8.19,4.94
"6363",6363,0.32,"Ideal","I","VS2",63,57,576,4.37,4.33,2.74
"16589",16589,1.02,"Premium","F","VS2",61.8,56,6626,6.54,6.46,4.02
"44193",44193,0.51,"Very Good","D","SI1",62.3,57,1569,5.08,5.13,3.18
"26056",26056,2,"Ideal","I","SI1",62.8,56,15258,8.04,7.95,5.02
"8160",8160,1.1,"Good","D","SI2",57,62,4361,6.91,6.84,3.92
"45805",45805,0.5,"Premium","F","VS1",62,58,1710,5.03,5.1,3.14
"7410",7410,0.33,"Very Good","E","SI1",60.6,60,579,4.41,4.44,2.68
"38972",38972,0.4,"Very Good","E","VS1",62.8,59,1053,4.63,4.67,2.92
"17238",17238,1.42,"Very Good","I","VS1",60.1,65,6894,7.28,7.2,4.35
"34534",34534,0.33,"Very Good","G","VVS1",62.8,59,868,4.38,4.44,2.77
"13754",13754,1,"Premium","F","VS2",61.9,59,5606,6.38,6.34,3.94
"4349",4349,0.72,"Ideal","E","VS2",61.5,56,3601,5.77,5.81,3.56
"9462",9462,0.9,"Very Good","G","VS2",62.5,57,4600,6.12,6.14,3.83
"50317",50317,1.06,"Fair","I","I1",64.5,57,2239,6.47,6.33,4.13
"34531",34531,0.33,"Ideal","G","VVS1",62,56,868,4.45,4.48,2.77
"47965",47965,0.52,"Ideal","D","VS2",61.8,57,1919,5.2,5.16,3.2
